id_store,week,orders
351,2015-10-19 00:00:00+00:00,38
351,2015-10-26 00:00:00+00:00,52
351,2015-11-02 00:00:00+00:00,60
351,2015-11-09 00:00:00+00:00,42
351,2015-11-16 00:00:00+00:00,44
351,2015-11-23 00:00:00+00:00,50
351,2015-11-30 00:00:00+00:00,60
351,2015-12-07 00:00:00+00:00,73
351,2015-12-14 00:00:00+00:00,55
351,2015-12-21 00:00:00+00:00,44
351,2015-12-28 00:00:00+00:00,41
351,2016-01-04 00:00:00+00:00,56
351,2016-01-11 00:00:00+00:00,77
351,2016-01-18 00:00:00+00:00,65
351,2016-01-25 00:00:00+00:00,80
351,2016-02-01 00:00:00+00:00,66
351,2016-02-08 00:00:00+00:00,67
351,2016-02-15 00:00:00+00:00,68
351,2016-02-22 00:00:00+00:00,68
351,2016-02-29 00:00:00+00:00,64
351,2016-03-07 00:00:00+00:00,70
351,2016-03-14 00:00:00+00:00,74
351,2016-03-21 00:00:00+00:00,55
351,2016-03-28 00:00:00+00:00,66
351,2016-04-04 00:00:00+00:00,83
351,2016-04-11 00:00:00+00:00,85
351,2016-04-18 00:00:00+00:00,62
351,2016-04-25 00:00:00+00:00,84
351,2016-05-02 00:00:00+00:00,45
351,2016-05-09 00:00:00+00:00,58
351,2016-05-16 00:00:00+00:00,72
351,2016-05-23 00:00:00+00:00,70
351,2016-05-30 00:00:00+00:00,97
351,2016-06-06 00:00:00+00:00,59
351,2016-06-13 00:00:00+00:00,58
351,2016-06-20 00:00:00+00:00,61
351,2016-06-27 00:00:00+00:00,79
351,2016-07-04 00:00:00+00:00,66
351,2016-07-11 00:00:00+00:00,46
351,2016-07-18 00:00:00+00:00,53
351,2016-07-25 00:00:00+00:00,59
351,2016-08-15 00:00:00+00:00,28
351,2016-08-22 00:00:00+00:00,40
351,2016-08-29 00:00:00+00:00,38
351,2016-09-05 00:00:00+00:00,63
351,2016-09-12 00:00:00+00:00,62
351,2016-09-19 00:00:00+00:00,62
351,2016-09-26 00:00:00+00:00,96
351,2016-10-03 00:00:00+00:00,82
351,2016-10-10 00:00:00+00:00,68
351,2016-10-17 00:00:00+00:00,70
351,2016-10-24 00:00:00+00:00,80
351,2016-10-31 00:00:00+00:00,72
351,2016-11-07 00:00:00+00:00,76
351,2016-11-14 00:00:00+00:00,83
351,2016-11-21 00:00:00+00:00,88
351,2016-11-28 00:00:00+00:00,80
351,2016-12-05 00:00:00+00:00,68
351,2016-12-12 00:00:00+00:00,88
351,2016-12-19 00:00:00+00:00,31
351,2016-12-26 00:00:00+00:00,47
351,2017-01-02 00:00:00+00:00,75
351,2017-01-09 00:00:00+00:00,83
351,2017-01-16 00:00:00+00:00,71
351,2017-01-23 00:00:00+00:00,81
351,2017-01-30 00:00:00+00:00,80
351,2017-02-06 00:00:00+00:00,103
351,2017-02-13 00:00:00+00:00,89
351,2017-02-20 00:00:00+00:00,90
351,2017-02-27 00:00:00+00:00,86
351,2017-03-06 00:00:00+00:00,75
351,2017-03-13 00:00:00+00:00,77
351,2017-03-20 00:00:00+00:00,81
351,2017-03-27 00:00:00+00:00,85
351,2017-04-03 00:00:00+00:00,59
351,2017-04-10 00:00:00+00:00,65
351,2017-04-17 00:00:00+00:00,75
351,2017-04-24 00:00:00+00:00,74
351,2017-05-01 00:00:00+00:00,82
351,2017-05-08 00:00:00+00:00,58
351,2017-05-15 00:00:00+00:00,71
351,2017-05-22 00:00:00+00:00,45
351,2017-05-29 00:00:00+00:00,48
351,2017-06-05 00:00:00+00:00,72
351,2017-06-12 00:00:00+00:00,59
351,2017-06-19 00:00:00+00:00,65
351,2017-06-26 00:00:00+00:00,84
351,2017-07-03 00:00:00+00:00,72
351,2017-07-10 00:00:00+00:00,76
351,2017-07-17 00:00:00+00:00,91
351,2017-07-24 00:00:00+00:00,88
351,2017-08-14 00:00:00+00:00,25
351,2017-08-21 00:00:00+00:00,60
351,2017-08-28 00:00:00+00:00,67
351,2017-09-04 00:00:00+00:00,94
351,2017-09-11 00:00:00+00:00,90
351,2017-09-18 00:00:00+00:00,90
351,2017-09-25 00:00:00+00:00,99
351,2017-10-02 00:00:00+00:00,106
351,2017-10-09 00:00:00+00:00,82
351,2017-10-16 00:00:00+00:00,78
351,2017-10-23 00:00:00+00:00,106
351,2017-10-30 00:00:00+00:00,89
351,2017-11-06 00:00:00+00:00,89
351,2017-11-13 00:00:00+00:00,102
351,2017-11-20 00:00:00+00:00,74
351,2017-11-27 00:00:00+00:00,82
351,2017-12-04 00:00:00+00:00,89
351,2017-12-11 00:00:00+00:00,84
351,2017-12-18 00:00:00+00:00,61
351,2017-12-25 00:00:00+00:00,49
351,2018-01-01 00:00:00+00:00,101
351,2018-01-08 00:00:00+00:00,84
351,2018-01-15 00:00:00+00:00,94
351,2018-01-22 00:00:00+00:00,81
351,2018-01-29 00:00:00+00:00,96
351,2018-02-05 00:00:00+00:00,82
351,2018-02-12 00:00:00+00:00,84
351,2018-02-19 00:00:00+00:00,100
351,2018-02-26 00:00:00+00:00,83
351,2018-03-05 00:00:00+00:00,78
351,2018-03-12 00:00:00+00:00,76
351,2018-03-19 00:00:00+00:00,97
351,2018-03-26 00:00:00+00:00,85
351,2018-04-02 00:00:00+00:00,78
351,2018-04-09 00:00:00+00:00,90
351,2018-04-16 00:00:00+00:00,48
351,2018-04-23 00:00:00+00:00,71
351,2018-04-30 00:00:00+00:00,63
351,2018-05-07 00:00:00+00:00,44
351,2018-05-14 00:00:00+00:00,91
351,2018-05-21 00:00:00+00:00,82
351,2018-05-28 00:00:00+00:00,76
351,2018-06-04 00:00:00+00:00,84
351,2018-06-11 00:00:00+00:00,95
351,2018-06-18 00:00:00+00:00,66
351,2018-06-25 00:00:00+00:00,58
351,2018-07-02 00:00:00+00:00,60
351,2018-07-09 00:00:00+00:00,72
351,2018-07-16 00:00:00+00:00,61
351,2018-07-23 00:00:00+00:00,43
351,2018-07-30 00:00:00+00:00,39
351,2018-08-20 00:00:00+00:00,68
351,2018-08-27 00:00:00+00:00,74
351,2018-09-03 00:00:00+00:00,62
351,2018-09-10 00:00:00+00:00,64
351,2018-09-17 00:00:00+00:00,69
351,2018-09-24 00:00:00+00:00,71
351,2018-10-01 00:00:00+00:00,56
351,2018-10-08 00:00:00+00:00,73
351,2018-10-15 00:00:00+00:00,88
351,2018-10-22 00:00:00+00:00,93
351,2018-10-29 00:00:00+00:00,66
351,2018-11-05 00:00:00+00:00,83
351,2018-11-12 00:00:00+00:00,77
351,2018-11-19 00:00:00+00:00,93
351,2018-11-26 00:00:00+00:00,81
351,2018-12-03 00:00:00+00:00,75
351,2018-12-10 00:00:00+00:00,59
351,2018-12-17 00:00:00+00:00,77
351,2018-12-24 00:00:00+00:00,69
351,2018-12-31 00:00:00+00:00,69
351,2019-01-07 00:00:00+00:00,74
351,2019-01-14 00:00:00+00:00,104
351,2019-01-21 00:00:00+00:00,79
351,2019-01-28 00:00:00+00:00,100
351,2019-02-04 00:00:00+00:00,94
351,2019-02-11 00:00:00+00:00,88
351,2019-02-18 00:00:00+00:00,82
351,2019-02-25 00:00:00+00:00,73
351,2019-03-04 00:00:00+00:00,81
351,2019-03-11 00:00:00+00:00,83
351,2019-03-18 00:00:00+00:00,77
351,2019-03-25 00:00:00+00:00,86
351,2019-04-01 00:00:00+00:00,82
351,2019-04-08 00:00:00+00:00,84
351,2019-04-15 00:00:00+00:00,60
351,2019-04-22 00:00:00+00:00,88
351,2019-04-29 00:00:00+00:00,85
351,2019-05-06 00:00:00+00:00,84
351,2019-05-13 00:00:00+00:00,87
351,2019-05-20 00:00:00+00:00,73
351,2019-05-27 00:00:00+00:00,63
351,2019-06-03 00:00:00+00:00,62
351,2019-06-10 00:00:00+00:00,81
351,2019-06-17 00:00:00+00:00,64
351,2019-06-24 00:00:00+00:00,59
351,2019-07-01 00:00:00+00:00,48
351,2019-07-08 00:00:00+00:00,60
351,2019-07-15 00:00:00+00:00,59
351,2019-07-22 00:00:00+00:00,56
351,2019-07-29 00:00:00+00:00,51
351,2019-08-19 00:00:00+00:00,67
351,2019-08-26 00:00:00+00:00,52
351,2019-09-02 00:00:00+00:00,96
351,2019-09-09 00:00:00+00:00,55
351,2019-09-16 00:00:00+00:00,78
351,2019-09-23 00:00:00+00:00,84
351,2019-09-30 00:00:00+00:00,87
351,2019-10-07 00:00:00+00:00,75
351,2019-10-14 00:00:00+00:00,84
351,2019-10-21 00:00:00+00:00,95
351,2019-10-28 00:00:00+00:00,55
360,2016-05-02 00:00:00+00:00,39
360,2016-05-09 00:00:00+00:00,63
360,2016-05-16 00:00:00+00:00,66
360,2016-05-23 00:00:00+00:00,46
360,2016-05-30 00:00:00+00:00,79
360,2016-06-06 00:00:00+00:00,57
360,2016-06-13 00:00:00+00:00,58
360,2016-06-20 00:00:00+00:00,66
360,2016-06-27 00:00:00+00:00,58
360,2016-07-04 00:00:00+00:00,55
360,2016-07-11 00:00:00+00:00,32
360,2016-07-18 00:00:00+00:00,46
360,2016-07-25 00:00:00+00:00,34
360,2016-08-01 00:00:00+00:00,63
360,2016-08-15 00:00:00+00:00,30
360,2016-08-22 00:00:00+00:00,34
360,2016-08-29 00:00:00+00:00,42
360,2016-09-05 00:00:00+00:00,55
360,2016-09-12 00:00:00+00:00,58
360,2016-09-19 00:00:00+00:00,67
360,2016-09-26 00:00:00+00:00,65
360,2016-10-03 00:00:00+00:00,70
360,2016-10-10 00:00:00+00:00,70
360,2016-10-17 00:00:00+00:00,59
360,2016-10-24 00:00:00+00:00,68
360,2016-10-31 00:00:00+00:00,62
360,2016-11-07 00:00:00+00:00,62
360,2016-11-14 00:00:00+00:00,71
360,2016-11-21 00:00:00+00:00,79
360,2016-11-28 00:00:00+00:00,72
360,2016-12-05 00:00:00+00:00,78
360,2016-12-12 00:00:00+00:00,57
360,2016-12-19 00:00:00+00:00,61
360,2016-12-26 00:00:00+00:00,57
360,2017-01-02 00:00:00+00:00,56
360,2017-01-09 00:00:00+00:00,66
360,2017-01-23 00:00:00+00:00,82
360,2017-01-30 00:00:00+00:00,64
360,2017-02-06 00:00:00+00:00,74
360,2017-02-13 00:00:00+00:00,101
360,2017-02-20 00:00:00+00:00,67
360,2017-02-27 00:00:00+00:00,68
360,2017-03-06 00:00:00+00:00,67
360,2017-03-13 00:00:00+00:00,54
360,2017-03-20 00:00:00+00:00,71
360,2017-03-27 00:00:00+00:00,68
360,2017-04-03 00:00:00+00:00,73
360,2017-04-10 00:00:00+00:00,33
360,2017-04-17 00:00:00+00:00,70
360,2017-04-24 00:00:00+00:00,54
360,2017-05-08 00:00:00+00:00,56
360,2017-05-15 00:00:00+00:00,71
360,2017-05-22 00:00:00+00:00,47
360,2017-05-29 00:00:00+00:00,45
360,2017-06-05 00:00:00+00:00,35
360,2017-06-12 00:00:00+00:00,56
360,2017-06-19 00:00:00+00:00,42
360,2017-06-26 00:00:00+00:00,61
360,2017-07-03 00:00:00+00:00,50
360,2017-07-10 00:00:00+00:00,45
360,2017-07-17 00:00:00+00:00,68
360,2017-07-24 00:00:00+00:00,66
360,2017-07-31 00:00:00+00:00,44
360,2017-08-21 00:00:00+00:00,58
360,2017-08-28 00:00:00+00:00,66
360,2017-09-04 00:00:00+00:00,63
360,2017-09-11 00:00:00+00:00,52
360,2017-09-18 00:00:00+00:00,73
360,2017-09-25 00:00:00+00:00,67
360,2017-10-02 00:00:00+00:00,75
360,2017-10-09 00:00:00+00:00,55
360,2017-10-16 00:00:00+00:00,73
360,2017-10-23 00:00:00+00:00,61
360,2017-10-30 00:00:00+00:00,62
360,2017-11-06 00:00:00+00:00,54
360,2017-11-13 00:00:00+00:00,65
360,2017-11-20 00:00:00+00:00,55
360,2017-11-27 00:00:00+00:00,58
360,2017-12-04 00:00:00+00:00,74
360,2017-12-11 00:00:00+00:00,52
360,2017-12-18 00:00:00+00:00,39
360,2017-12-25 00:00:00+00:00,36
360,2018-01-01 00:00:00+00:00,49
360,2018-01-08 00:00:00+00:00,65
360,2018-01-15 00:00:00+00:00,72
360,2018-01-22 00:00:00+00:00,84
360,2018-01-29 00:00:00+00:00,94
360,2018-02-05 00:00:00+00:00,63
360,2018-02-12 00:00:00+00:00,87
360,2018-02-19 00:00:00+00:00,60
360,2018-02-26 00:00:00+00:00,94
360,2018-03-05 00:00:00+00:00,85
360,2018-03-12 00:00:00+00:00,54
360,2018-03-19 00:00:00+00:00,63
360,2018-03-26 00:00:00+00:00,65
360,2018-04-02 00:00:00+00:00,58
360,2018-04-09 00:00:00+00:00,52
360,2018-04-16 00:00:00+00:00,55
360,2018-04-23 00:00:00+00:00,51
360,2018-04-30 00:00:00+00:00,42
360,2018-05-14 00:00:00+00:00,60
360,2018-05-21 00:00:00+00:00,36
360,2018-05-28 00:00:00+00:00,58
360,2018-06-04 00:00:00+00:00,38
360,2018-06-11 00:00:00+00:00,56
360,2018-06-18 00:00:00+00:00,47
360,2018-06-25 00:00:00+00:00,51
360,2018-07-02 00:00:00+00:00,37
360,2018-07-09 00:00:00+00:00,48
360,2018-07-16 00:00:00+00:00,58
360,2018-07-23 00:00:00+00:00,52
360,2018-07-30 00:00:00+00:00,44
360,2018-08-06 00:00:00+00:00,34
360,2018-08-27 00:00:00+00:00,59
360,2018-09-03 00:00:00+00:00,64
360,2018-09-10 00:00:00+00:00,64
360,2018-09-17 00:00:00+00:00,63
360,2018-09-24 00:00:00+00:00,60
360,2018-10-01 00:00:00+00:00,88
360,2018-10-08 00:00:00+00:00,71
360,2018-10-15 00:00:00+00:00,58
360,2018-10-22 00:00:00+00:00,57
360,2018-10-29 00:00:00+00:00,72
360,2018-11-05 00:00:00+00:00,76
360,2018-11-12 00:00:00+00:00,60
360,2018-11-19 00:00:00+00:00,69
360,2018-11-26 00:00:00+00:00,63
360,2018-12-03 00:00:00+00:00,63
360,2018-12-10 00:00:00+00:00,75
360,2018-12-17 00:00:00+00:00,52
360,2018-12-24 00:00:00+00:00,43
360,2019-01-07 00:00:00+00:00,68
360,2019-01-14 00:00:00+00:00,49
360,2019-01-21 00:00:00+00:00,59
360,2019-01-28 00:00:00+00:00,60
360,2019-02-04 00:00:00+00:00,61
360,2019-02-11 00:00:00+00:00,75
360,2019-02-18 00:00:00+00:00,59
360,2019-02-25 00:00:00+00:00,68
360,2019-03-04 00:00:00+00:00,70
360,2019-03-11 00:00:00+00:00,74
360,2019-03-18 00:00:00+00:00,53
360,2019-03-25 00:00:00+00:00,73
360,2019-04-01 00:00:00+00:00,51
360,2019-04-08 00:00:00+00:00,68
360,2019-04-15 00:00:00+00:00,37
360,2019-04-22 00:00:00+00:00,43
360,2019-04-29 00:00:00+00:00,35
360,2019-05-06 00:00:00+00:00,24
360,2019-05-13 00:00:00+00:00,73
360,2019-05-20 00:00:00+00:00,68
360,2019-05-27 00:00:00+00:00,48
360,2019-06-03 00:00:00+00:00,59
360,2019-06-10 00:00:00+00:00,64
360,2019-06-17 00:00:00+00:00,64
360,2019-06-24 00:00:00+00:00,45
360,2019-07-01 00:00:00+00:00,58
360,2019-07-08 00:00:00+00:00,81
360,2019-07-15 00:00:00+00:00,74
360,2019-07-22 00:00:00+00:00,55
360,2019-07-29 00:00:00+00:00,41
360,2019-08-05 00:00:00+00:00,55
360,2019-08-19 00:00:00+00:00,23
360,2019-08-26 00:00:00+00:00,56
360,2019-09-02 00:00:00+00:00,78
360,2019-09-09 00:00:00+00:00,63
360,2019-09-16 00:00:00+00:00,56
360,2019-09-23 00:00:00+00:00,85
360,2019-09-30 00:00:00+00:00,94
360,2019-10-07 00:00:00+00:00,77
360,2019-10-14 00:00:00+00:00,95
360,2019-10-21 00:00:00+00:00,99
360,2019-10-28 00:00:00+00:00,69
360,2019-11-04 00:00:00+00:00,81
360,2019-11-11 00:00:00+00:00,77
360,2019-11-18 00:00:00+00:00,60
360,2019-11-25 00:00:00+00:00,82
360,2019-12-02 00:00:00+00:00,39
360,2019-12-09 00:00:00+00:00,38
360,2019-12-16 00:00:00+00:00,54
360,2019-12-23 00:00:00+00:00,29
360,2020-01-06 00:00:00+00:00,55
360,2020-01-13 00:00:00+00:00,93
360,2020-01-20 00:00:00+00:00,67
360,2020-01-27 00:00:00+00:00,77
360,2020-02-03 00:00:00+00:00,69
360,2020-02-10 00:00:00+00:00,80
360,2020-02-17 00:00:00+00:00,65
360,2020-02-24 00:00:00+00:00,73
360,2020-03-02 00:00:00+00:00,71
360,2020-03-09 00:00:00+00:00,46
360,2020-05-25 00:00:00+00:00,1
360,2020-06-15 00:00:00+00:00,3
360,2020-06-22 00:00:00+00:00,32
360,2020-06-29 00:00:00+00:00,38
360,2020-07-06 00:00:00+00:00,30
360,2020-07-13 00:00:00+00:00,21
360,2020-07-20 00:00:00+00:00,28
360,2020-07-27 00:00:00+00:00,5
360,2020-08-17 00:00:00+00:00,20
360,2020-08-24 00:00:00+00:00,34
360,2020-08-31 00:00:00+00:00,32
360,2020-09-07 00:00:00+00:00,39
360,2020-09-14 00:00:00+00:00,33
360,2020-09-21 00:00:00+00:00,55
360,2020-09-28 00:00:00+00:00,64
360,2020-10-05 00:00:00+00:00,50
360,2020-10-12 00:00:00+00:00,59
360,2020-10-19 00:00:00+00:00,48
360,2020-10-26 00:00:00+00:00,28
730,2015-11-09 00:00:00+00:00,1
730,2015-11-30 00:00:00+00:00,87
730,2015-12-07 00:00:00+00:00,81
730,2015-12-14 00:00:00+00:00,62
730,2015-12-21 00:00:00+00:00,59
730,2015-12-28 00:00:00+00:00,97
730,2016-01-18 00:00:00+00:00,32
730,2016-01-25 00:00:00+00:00,106
730,2016-02-01 00:00:00+00:00,90
730,2016-02-08 00:00:00+00:00,95
730,2016-02-15 00:00:00+00:00,56
730,2016-02-22 00:00:00+00:00,65
730,2016-02-29 00:00:00+00:00,109
730,2016-03-07 00:00:00+00:00,113
730,2016-03-14 00:00:00+00:00,92
730,2016-03-21 00:00:00+00:00,95
730,2016-03-28 00:00:00+00:00,29
730,2016-04-04 00:00:00+00:00,88
730,2016-04-11 00:00:00+00:00,110
730,2016-04-18 00:00:00+00:00,71
730,2016-04-25 00:00:00+00:00,72
730,2016-05-02 00:00:00+00:00,83
730,2016-05-09 00:00:00+00:00,111
730,2016-05-16 00:00:00+00:00,86
730,2016-05-23 00:00:00+00:00,111
730,2016-05-30 00:00:00+00:00,92
730,2016-06-06 00:00:00+00:00,73
730,2016-06-13 00:00:00+00:00,109
730,2016-06-20 00:00:00+00:00,76
730,2016-06-27 00:00:00+00:00,91
730,2016-07-04 00:00:00+00:00,41
730,2016-07-11 00:00:00+00:00,81
730,2016-07-18 00:00:00+00:00,55
730,2016-07-25 00:00:00+00:00,87
730,2016-08-01 00:00:00+00:00,104
730,2016-08-08 00:00:00+00:00,62
730,2016-08-29 00:00:00+00:00,64
730,2016-09-05 00:00:00+00:00,61
730,2016-09-12 00:00:00+00:00,113
730,2016-09-19 00:00:00+00:00,66
730,2016-09-26 00:00:00+00:00,115
730,2016-10-03 00:00:00+00:00,89
730,2016-10-10 00:00:00+00:00,91
730,2016-10-17 00:00:00+00:00,107
730,2016-10-24 00:00:00+00:00,131
730,2016-10-31 00:00:00+00:00,74
730,2016-11-07 00:00:00+00:00,89
730,2016-11-14 00:00:00+00:00,19
730,2016-11-21 00:00:00+00:00,55
730,2016-11-28 00:00:00+00:00,104
730,2016-12-05 00:00:00+00:00,95
730,2016-12-12 00:00:00+00:00,84
730,2016-12-19 00:00:00+00:00,73
730,2016-12-26 00:00:00+00:00,78
730,2017-01-02 00:00:00+00:00,71
730,2017-01-09 00:00:00+00:00,79
730,2017-01-16 00:00:00+00:00,85
730,2017-01-23 00:00:00+00:00,92
730,2017-01-30 00:00:00+00:00,77
730,2017-02-06 00:00:00+00:00,95
730,2017-02-13 00:00:00+00:00,112
730,2017-02-20 00:00:00+00:00,83
730,2017-02-27 00:00:00+00:00,115
730,2017-03-06 00:00:00+00:00,77
730,2017-03-13 00:00:00+00:00,24
730,2017-03-20 00:00:00+00:00,37
730,2017-03-27 00:00:00+00:00,55
730,2017-04-03 00:00:00+00:00,27
730,2017-04-10 00:00:00+00:00,23
730,2017-04-17 00:00:00+00:00,33
730,2017-04-24 00:00:00+00:00,45
730,2017-05-01 00:00:00+00:00,37
730,2017-05-08 00:00:00+00:00,53
730,2017-05-15 00:00:00+00:00,41
730,2017-05-22 00:00:00+00:00,33
730,2017-05-29 00:00:00+00:00,41
730,2017-06-05 00:00:00+00:00,41
730,2017-06-12 00:00:00+00:00,33
730,2017-06-19 00:00:00+00:00,26
730,2017-06-26 00:00:00+00:00,41
730,2017-07-03 00:00:00+00:00,33
730,2017-07-10 00:00:00+00:00,37
730,2017-07-17 00:00:00+00:00,32
730,2017-07-24 00:00:00+00:00,35
730,2017-07-31 00:00:00+00:00,16
730,2017-08-28 00:00:00+00:00,12
730,2017-09-04 00:00:00+00:00,14
730,2017-09-11 00:00:00+00:00,24
730,2017-09-18 00:00:00+00:00,13
730,2017-09-25 00:00:00+00:00,23
730,2017-10-02 00:00:00+00:00,17
730,2017-10-09 00:00:00+00:00,41
730,2017-10-16 00:00:00+00:00,8
730,2017-10-23 00:00:00+00:00,27
730,2017-10-30 00:00:00+00:00,33
730,2017-11-06 00:00:00+00:00,42
730,2017-11-13 00:00:00+00:00,33
730,2017-11-20 00:00:00+00:00,54
730,2017-11-27 00:00:00+00:00,13
730,2017-12-04 00:00:00+00:00,47
730,2017-12-11 00:00:00+00:00,45
730,2017-12-18 00:00:00+00:00,30
730,2017-12-25 00:00:00+00:00,44
730,2018-01-08 00:00:00+00:00,33
730,2018-01-15 00:00:00+00:00,48
730,2018-01-22 00:00:00+00:00,57
730,2018-01-29 00:00:00+00:00,44
730,2018-02-05 00:00:00+00:00,37
730,2018-02-12 00:00:00+00:00,50
730,2018-02-19 00:00:00+00:00,47
730,2018-02-26 00:00:00+00:00,30
730,2018-03-05 00:00:00+00:00,36
730,2018-03-12 00:00:00+00:00,32
730,2018-03-19 00:00:00+00:00,15
730,2018-03-26 00:00:00+00:00,11
730,2018-04-02 00:00:00+00:00,36
730,2018-04-09 00:00:00+00:00,44
730,2018-04-16 00:00:00+00:00,9
730,2018-04-23 00:00:00+00:00,39
730,2018-04-30 00:00:00+00:00,24
730,2018-05-07 00:00:00+00:00,24
730,2018-05-14 00:00:00+00:00,34
730,2018-05-21 00:00:00+00:00,22
730,2018-05-28 00:00:00+00:00,17
730,2018-06-04 00:00:00+00:00,31
730,2018-06-11 00:00:00+00:00,32
730,2018-06-18 00:00:00+00:00,15
730,2018-07-02 00:00:00+00:00,10
730,2018-07-09 00:00:00+00:00,37
730,2018-07-16 00:00:00+00:00,24
730,2018-07-23 00:00:00+00:00,25
730,2018-07-30 00:00:00+00:00,28
730,2018-08-06 00:00:00+00:00,3
730,2018-08-13 00:00:00+00:00,19
730,2018-08-20 00:00:00+00:00,24
730,2018-08-27 00:00:00+00:00,30
730,2018-09-03 00:00:00+00:00,12
730,2018-09-10 00:00:00+00:00,16
730,2018-09-17 00:00:00+00:00,19
730,2018-09-24 00:00:00+00:00,21
730,2018-10-01 00:00:00+00:00,37
730,2018-10-08 00:00:00+00:00,38
730,2018-10-15 00:00:00+00:00,32
730,2018-10-22 00:00:00+00:00,36
730,2018-10-29 00:00:00+00:00,15
730,2018-11-05 00:00:00+00:00,4
730,2018-11-12 00:00:00+00:00,30
730,2018-11-19 00:00:00+00:00,31
730,2018-11-26 00:00:00+00:00,29
730,2018-12-03 00:00:00+00:00,31
730,2018-12-10 00:00:00+00:00,42
730,2018-12-17 00:00:00+00:00,7
730,2018-12-24 00:00:00+00:00,25
730,2018-12-31 00:00:00+00:00,30
730,2019-01-07 00:00:00+00:00,36
730,2019-01-14 00:00:00+00:00,25
730,2019-01-21 00:00:00+00:00,23
730,2019-01-28 00:00:00+00:00,36
730,2019-02-04 00:00:00+00:00,32
730,2019-02-11 00:00:00+00:00,39
730,2019-02-18 00:00:00+00:00,15
730,2019-02-25 00:00:00+00:00,38
730,2019-03-04 00:00:00+00:00,18
730,2019-03-11 00:00:00+00:00,31
730,2019-03-18 00:00:00+00:00,20
730,2019-03-25 00:00:00+00:00,34
730,2019-04-01 00:00:00+00:00,40
730,2019-04-08 00:00:00+00:00,38
730,2019-04-15 00:00:00+00:00,40
730,2019-04-22 00:00:00+00:00,15
730,2019-04-29 00:00:00+00:00,35
730,2019-05-06 00:00:00+00:00,37
730,2019-05-27 00:00:00+00:00,20
730,2019-06-03 00:00:00+00:00,17
730,2019-06-10 00:00:00+00:00,28
730,2019-06-17 00:00:00+00:00,38
730,2019-06-24 00:00:00+00:00,39
730,2019-07-01 00:00:00+00:00,29
730,2019-07-08 00:00:00+00:00,20
730,2019-07-15 00:00:00+00:00,42
730,2019-07-22 00:00:00+00:00,15
730,2019-07-29 00:00:00+00:00,15
730,2019-08-05 00:00:00+00:00,24
730,2019-08-12 00:00:00+00:00,33
730,2019-08-19 00:00:00+00:00,34
730,2019-08-26 00:00:00+00:00,43
730,2019-09-02 00:00:00+00:00,1
730,2019-09-09 00:00:00+00:00,43
730,2019-09-16 00:00:00+00:00,45
730,2019-09-23 00:00:00+00:00,27
730,2019-09-30 00:00:00+00:00,46
730,2019-10-07 00:00:00+00:00,47
730,2019-10-14 00:00:00+00:00,27
730,2019-10-21 00:00:00+00:00,46
730,2019-10-28 00:00:00+00:00,24
730,2019-11-04 00:00:00+00:00,18
730,2019-11-11 00:00:00+00:00,47
730,2019-11-18 00:00:00+00:00,49
730,2019-11-25 00:00:00+00:00,43
730,2019-12-02 00:00:00+00:00,58
730,2019-12-09 00:00:00+00:00,39
730,2019-12-16 00:00:00+00:00,43
730,2019-12-23 00:00:00+00:00,31
730,2019-12-30 00:00:00+00:00,25
730,2020-01-06 00:00:00+00:00,45
730,2020-01-13 00:00:00+00:00,40
730,2020-01-20 00:00:00+00:00,35
730,2020-01-27 00:00:00+00:00,49
730,2020-02-03 00:00:00+00:00,42
730,2020-02-10 00:00:00+00:00,48
730,2020-02-17 00:00:00+00:00,29
730,2020-02-24 00:00:00+00:00,31
730,2020-03-02 00:00:00+00:00,35
730,2020-03-09 00:00:00+00:00,33
730,2020-06-08 00:00:00+00:00,6
730,2020-06-15 00:00:00+00:00,33
730,2020-06-22 00:00:00+00:00,14
730,2020-06-29 00:00:00+00:00,13
1513,2016-04-04 00:00:00+00:00,88
1513,2016-04-11 00:00:00+00:00,123
1513,2016-04-18 00:00:00+00:00,112
1513,2016-04-25 00:00:00+00:00,113
1513,2016-05-02 00:00:00+00:00,109
1513,2016-05-09 00:00:00+00:00,120
1513,2016-05-16 00:00:00+00:00,115
1513,2016-05-23 00:00:00+00:00,140
1513,2016-05-30 00:00:00+00:00,122
1513,2016-06-06 00:00:00+00:00,101
1513,2016-06-13 00:00:00+00:00,109
1513,2016-06-20 00:00:00+00:00,86
1513,2016-06-27 00:00:00+00:00,111
1513,2016-07-04 00:00:00+00:00,86
1513,2016-07-11 00:00:00+00:00,87
1513,2016-07-18 00:00:00+00:00,80
1513,2016-07-25 00:00:00+00:00,98
1513,2016-08-01 00:00:00+00:00,91
1513,2016-08-08 00:00:00+00:00,90
1513,2016-08-15 00:00:00+00:00,94
1513,2016-08-22 00:00:00+00:00,63
1513,2016-08-29 00:00:00+00:00,83
1513,2016-09-05 00:00:00+00:00,78
1513,2016-09-12 00:00:00+00:00,88
1513,2016-09-19 00:00:00+00:00,85
1513,2016-09-26 00:00:00+00:00,121
1513,2016-10-03 00:00:00+00:00,110
1513,2016-10-10 00:00:00+00:00,118
1513,2016-10-17 00:00:00+00:00,134
1513,2016-10-24 00:00:00+00:00,147
1513,2016-10-31 00:00:00+00:00,120
1513,2016-11-07 00:00:00+00:00,133
1513,2016-11-14 00:00:00+00:00,135
1513,2016-11-21 00:00:00+00:00,121
1513,2016-11-28 00:00:00+00:00,115
1513,2016-12-05 00:00:00+00:00,147
1513,2016-12-12 00:00:00+00:00,139
1513,2016-12-19 00:00:00+00:00,96
1513,2016-12-26 00:00:00+00:00,109
1513,2017-01-02 00:00:00+00:00,111
1513,2017-01-09 00:00:00+00:00,132
1513,2017-01-16 00:00:00+00:00,136
1513,2017-01-23 00:00:00+00:00,164
1513,2017-01-30 00:00:00+00:00,133
1513,2017-02-06 00:00:00+00:00,132
1513,2017-02-13 00:00:00+00:00,158
1513,2017-02-20 00:00:00+00:00,132
1513,2017-02-27 00:00:00+00:00,130
1513,2017-03-06 00:00:00+00:00,119
1513,2017-03-13 00:00:00+00:00,145
1513,2017-03-20 00:00:00+00:00,146
1513,2017-03-27 00:00:00+00:00,153
1513,2017-04-03 00:00:00+00:00,120
1513,2017-04-10 00:00:00+00:00,113
1513,2017-04-17 00:00:00+00:00,101
1513,2017-04-24 00:00:00+00:00,134
1513,2017-05-01 00:00:00+00:00,120
1513,2017-05-08 00:00:00+00:00,134
1513,2017-05-15 00:00:00+00:00,121
1513,2017-05-22 00:00:00+00:00,98
1513,2017-05-29 00:00:00+00:00,105
1513,2017-06-05 00:00:00+00:00,94
1513,2017-06-12 00:00:00+00:00,99
1513,2017-06-19 00:00:00+00:00,79
1513,2017-06-26 00:00:00+00:00,99
1513,2017-07-03 00:00:00+00:00,93
1513,2017-07-10 00:00:00+00:00,109
1513,2017-07-17 00:00:00+00:00,100
1513,2017-07-24 00:00:00+00:00,98
1513,2017-07-31 00:00:00+00:00,109
1513,2017-08-07 00:00:00+00:00,109
1513,2017-08-14 00:00:00+00:00,122
1513,2017-08-21 00:00:00+00:00,91
1513,2017-08-28 00:00:00+00:00,114
1513,2017-09-04 00:00:00+00:00,128
1513,2017-09-11 00:00:00+00:00,124
1513,2017-09-18 00:00:00+00:00,137
1513,2017-09-25 00:00:00+00:00,109
1513,2017-10-02 00:00:00+00:00,125
1513,2017-10-09 00:00:00+00:00,112
1513,2017-10-16 00:00:00+00:00,130
1513,2017-10-23 00:00:00+00:00,136
1513,2017-10-30 00:00:00+00:00,154
1513,2017-11-06 00:00:00+00:00,138
1513,2017-11-13 00:00:00+00:00,123
1513,2017-11-20 00:00:00+00:00,105
1513,2017-11-27 00:00:00+00:00,132
1513,2017-12-04 00:00:00+00:00,134
1513,2017-12-11 00:00:00+00:00,106
1513,2017-12-18 00:00:00+00:00,94
1513,2017-12-25 00:00:00+00:00,93
1513,2018-01-01 00:00:00+00:00,79
1513,2018-01-08 00:00:00+00:00,102
1513,2018-01-15 00:00:00+00:00,117
1513,2018-01-22 00:00:00+00:00,102
1513,2018-01-29 00:00:00+00:00,106
1513,2018-02-05 00:00:00+00:00,106
1513,2018-02-12 00:00:00+00:00,108
1513,2018-02-19 00:00:00+00:00,111
1513,2018-02-26 00:00:00+00:00,131
1513,2018-03-05 00:00:00+00:00,108
1513,2018-03-12 00:00:00+00:00,139
1513,2018-03-19 00:00:00+00:00,118
1513,2018-03-26 00:00:00+00:00,108
1513,2018-04-02 00:00:00+00:00,81
1513,2018-04-09 00:00:00+00:00,97
1513,2018-04-16 00:00:00+00:00,70
1513,2018-04-23 00:00:00+00:00,84
1513,2018-04-30 00:00:00+00:00,70
1513,2018-05-07 00:00:00+00:00,62
1513,2018-05-14 00:00:00+00:00,78
1513,2018-05-21 00:00:00+00:00,80
1513,2018-05-28 00:00:00+00:00,84
1513,2018-06-04 00:00:00+00:00,65
1513,2018-06-11 00:00:00+00:00,77
1513,2018-06-18 00:00:00+00:00,81
1513,2018-06-25 00:00:00+00:00,69
1513,2018-07-02 00:00:00+00:00,80
1513,2018-07-09 00:00:00+00:00,55
1513,2018-07-16 00:00:00+00:00,52
1513,2018-07-23 00:00:00+00:00,47
1513,2018-07-30 00:00:00+00:00,42
1513,2018-08-06 00:00:00+00:00,57
1513,2018-08-13 00:00:00+00:00,56
1513,2018-08-20 00:00:00+00:00,57
1513,2018-08-27 00:00:00+00:00,74
1513,2018-09-03 00:00:00+00:00,72
1513,2018-09-10 00:00:00+00:00,66
1513,2018-09-17 00:00:00+00:00,66
1513,2018-09-24 00:00:00+00:00,91
1513,2018-10-01 00:00:00+00:00,80
1513,2018-10-08 00:00:00+00:00,75
1513,2018-10-15 00:00:00+00:00,77
1513,2018-10-22 00:00:00+00:00,83
1513,2018-10-29 00:00:00+00:00,100
1513,2018-11-05 00:00:00+00:00,79
1513,2018-11-12 00:00:00+00:00,89
1513,2018-11-19 00:00:00+00:00,89
1513,2018-11-26 00:00:00+00:00,99
1513,2018-12-03 00:00:00+00:00,115
1513,2018-12-10 00:00:00+00:00,107
1513,2018-12-17 00:00:00+00:00,103
1513,2018-12-24 00:00:00+00:00,98
1513,2018-12-31 00:00:00+00:00,120
1513,2019-01-07 00:00:00+00:00,125
1513,2019-01-14 00:00:00+00:00,114
1513,2019-01-21 00:00:00+00:00,149
1513,2019-01-28 00:00:00+00:00,116
1513,2019-02-04 00:00:00+00:00,118
1513,2019-02-11 00:00:00+00:00,119
1513,2019-02-18 00:00:00+00:00,90
1513,2019-02-25 00:00:00+00:00,84
1513,2019-03-04 00:00:00+00:00,95
1513,2019-03-11 00:00:00+00:00,106
1513,2019-03-18 00:00:00+00:00,115
1513,2019-03-25 00:00:00+00:00,118
1513,2019-04-01 00:00:00+00:00,105
1513,2019-04-08 00:00:00+00:00,108
1513,2019-04-15 00:00:00+00:00,94
1513,2019-04-22 00:00:00+00:00,119
1513,2019-04-29 00:00:00+00:00,105
1513,2019-05-06 00:00:00+00:00,69
1513,2019-05-13 00:00:00+00:00,86
1513,2019-05-20 00:00:00+00:00,95
1513,2019-05-27 00:00:00+00:00,66
1513,2019-06-03 00:00:00+00:00,70
1513,2019-06-10 00:00:00+00:00,82
1513,2019-06-17 00:00:00+00:00,87
1513,2019-06-24 00:00:00+00:00,55
1513,2019-07-01 00:00:00+00:00,85
1513,2019-07-08 00:00:00+00:00,81
1513,2019-07-15 00:00:00+00:00,75
1513,2019-07-22 00:00:00+00:00,53
1513,2019-07-29 00:00:00+00:00,94
1513,2019-08-05 00:00:00+00:00,84
1513,2019-08-12 00:00:00+00:00,84
1513,2019-08-19 00:00:00+00:00,73
1513,2019-08-26 00:00:00+00:00,74
1513,2019-09-02 00:00:00+00:00,85
1513,2019-09-09 00:00:00+00:00,117
1513,2019-09-16 00:00:00+00:00,137
1513,2019-09-23 00:00:00+00:00,126
1513,2019-09-30 00:00:00+00:00,124
1513,2019-10-07 00:00:00+00:00,147
1513,2019-10-14 00:00:00+00:00,126
1513,2019-10-21 00:00:00+00:00,111
1513,2019-10-28 00:00:00+00:00,126
1513,2019-11-04 00:00:00+00:00,109
1513,2019-11-11 00:00:00+00:00,99
1513,2019-11-18 00:00:00+00:00,117
1513,2019-11-25 00:00:00+00:00,114
1513,2019-12-02 00:00:00+00:00,114
1513,2019-12-09 00:00:00+00:00,113
1513,2019-12-16 00:00:00+00:00,82
1513,2019-12-23 00:00:00+00:00,70
1513,2019-12-30 00:00:00+00:00,139
1513,2020-01-06 00:00:00+00:00,90
1513,2020-01-13 00:00:00+00:00,113
1513,2020-01-20 00:00:00+00:00,127
1513,2020-01-27 00:00:00+00:00,105
1513,2020-02-03 00:00:00+00:00,94
1513,2020-02-10 00:00:00+00:00,123
1513,2020-02-17 00:00:00+00:00,95
1513,2020-02-24 00:00:00+00:00,87
1513,2020-03-02 00:00:00+00:00,76
1513,2020-03-09 00:00:00+00:00,64
1513,2020-05-18 00:00:00+00:00,40
1513,2020-05-25 00:00:00+00:00,25
1513,2020-06-01 00:00:00+00:00,39
1513,2020-06-08 00:00:00+00:00,50
1513,2020-06-15 00:00:00+00:00,61
1513,2020-06-22 00:00:00+00:00,69
1513,2020-06-29 00:00:00+00:00,82
1513,2020-07-06 00:00:00+00:00,55
1513,2020-07-13 00:00:00+00:00,61
1513,2020-07-20 00:00:00+00:00,66
1513,2020-07-27 00:00:00+00:00,52
1513,2020-08-03 00:00:00+00:00,38
1513,2020-08-10 00:00:00+00:00,52
1513,2020-08-17 00:00:00+00:00,58
1513,2020-08-24 00:00:00+00:00,65
1513,2020-08-31 00:00:00+00:00,71
1513,2020-09-07 00:00:00+00:00,70
1513,2020-09-14 00:00:00+00:00,68
1513,2020-09-21 00:00:00+00:00,78
1513,2020-09-28 00:00:00+00:00,73
1513,2020-10-05 00:00:00+00:00,73
1513,2020-10-12 00:00:00+00:00,83
1513,2020-10-19 00:00:00+00:00,68
1513,2020-10-26 00:00:00+00:00,46
1513,2020-11-02 00:00:00+00:00,30
1513,2020-11-09 00:00:00+00:00,24
1513,2020-11-16 00:00:00+00:00,9
2035,2016-05-16 00:00:00+00:00,75
2035,2016-05-23 00:00:00+00:00,151
2035,2016-05-30 00:00:00+00:00,256
2035,2016-06-06 00:00:00+00:00,319
2035,2016-06-13 00:00:00+00:00,196
2035,2016-06-20 00:00:00+00:00,197
2035,2016-06-27 00:00:00+00:00,195
2035,2016-07-04 00:00:00+00:00,210
2035,2016-07-11 00:00:00+00:00,106
2035,2016-07-18 00:00:00+00:00,128
2035,2016-07-25 00:00:00+00:00,149
2035,2016-08-01 00:00:00+00:00,192
2035,2016-08-15 00:00:00+00:00,140
2035,2016-08-22 00:00:00+00:00,241
2035,2016-08-29 00:00:00+00:00,282
2035,2016-09-05 00:00:00+00:00,238
2035,2016-09-12 00:00:00+00:00,282
2035,2016-09-19 00:00:00+00:00,234
2035,2016-09-26 00:00:00+00:00,227
2035,2016-10-03 00:00:00+00:00,283
2035,2016-10-10 00:00:00+00:00,254
2035,2016-10-17 00:00:00+00:00,286
2035,2016-10-24 00:00:00+00:00,249
2035,2016-10-31 00:00:00+00:00,196
2035,2016-11-07 00:00:00+00:00,225
2035,2016-11-14 00:00:00+00:00,218
2035,2016-11-21 00:00:00+00:00,225
2035,2016-11-28 00:00:00+00:00,203
2035,2016-12-05 00:00:00+00:00,237
2035,2016-12-12 00:00:00+00:00,237
2035,2016-12-19 00:00:00+00:00,129
2035,2017-01-02 00:00:00+00:00,157
2035,2017-01-09 00:00:00+00:00,184
2035,2017-01-16 00:00:00+00:00,211
2035,2017-01-23 00:00:00+00:00,205
2035,2017-01-30 00:00:00+00:00,173
2035,2017-02-06 00:00:00+00:00,209
2035,2017-02-13 00:00:00+00:00,220
2035,2017-02-20 00:00:00+00:00,173
2035,2017-02-27 00:00:00+00:00,155
2035,2017-03-06 00:00:00+00:00,136
2035,2017-03-13 00:00:00+00:00,175
2035,2017-03-20 00:00:00+00:00,165
2035,2017-03-27 00:00:00+00:00,167
2035,2017-04-03 00:00:00+00:00,150
2035,2017-04-10 00:00:00+00:00,145
2035,2017-04-17 00:00:00+00:00,163
2035,2017-04-24 00:00:00+00:00,138
2035,2017-05-01 00:00:00+00:00,136
2035,2017-05-08 00:00:00+00:00,167
2035,2017-05-15 00:00:00+00:00,162
2035,2017-05-22 00:00:00+00:00,106
2035,2017-05-29 00:00:00+00:00,129
2035,2017-06-05 00:00:00+00:00,131
2035,2017-06-12 00:00:00+00:00,164
2035,2017-06-19 00:00:00+00:00,140
2035,2017-06-26 00:00:00+00:00,175
2035,2017-07-03 00:00:00+00:00,150
2035,2017-07-10 00:00:00+00:00,107
2035,2017-07-17 00:00:00+00:00,144
2035,2017-07-24 00:00:00+00:00,107
2035,2017-07-31 00:00:00+00:00,48
2035,2017-08-21 00:00:00+00:00,119
2035,2017-08-28 00:00:00+00:00,146
2035,2017-09-04 00:00:00+00:00,133
2035,2017-09-11 00:00:00+00:00,169
2035,2017-09-18 00:00:00+00:00,147
2035,2017-09-25 00:00:00+00:00,163
2035,2017-10-02 00:00:00+00:00,243
2035,2017-10-09 00:00:00+00:00,171
2035,2017-10-16 00:00:00+00:00,150
2035,2017-10-23 00:00:00+00:00,160
2035,2017-10-30 00:00:00+00:00,145
2035,2017-11-06 00:00:00+00:00,136
2035,2017-11-13 00:00:00+00:00,109
2035,2017-11-20 00:00:00+00:00,160
2035,2017-11-27 00:00:00+00:00,115
2035,2017-12-04 00:00:00+00:00,120
2035,2017-12-11 00:00:00+00:00,146
2035,2017-12-18 00:00:00+00:00,144
2035,2017-12-25 00:00:00+00:00,116
2035,2018-01-08 00:00:00+00:00,145
2035,2018-01-15 00:00:00+00:00,159
2035,2018-01-22 00:00:00+00:00,166
2035,2018-01-29 00:00:00+00:00,158
2035,2018-02-05 00:00:00+00:00,180
2035,2018-02-12 00:00:00+00:00,160
2035,2018-02-19 00:00:00+00:00,169
2035,2018-02-26 00:00:00+00:00,177
2035,2018-03-05 00:00:00+00:00,168
2035,2018-03-12 00:00:00+00:00,182
2035,2018-03-19 00:00:00+00:00,269
2035,2018-03-26 00:00:00+00:00,137
2035,2018-04-02 00:00:00+00:00,148
2035,2018-04-09 00:00:00+00:00,137
2035,2018-04-16 00:00:00+00:00,126
2035,2018-04-23 00:00:00+00:00,164
2035,2018-04-30 00:00:00+00:00,102
2035,2018-05-07 00:00:00+00:00,78
2035,2018-05-14 00:00:00+00:00,126
2035,2018-05-21 00:00:00+00:00,117
2035,2018-05-28 00:00:00+00:00,129
2035,2018-06-04 00:00:00+00:00,155
2035,2018-06-11 00:00:00+00:00,146
2035,2018-06-18 00:00:00+00:00,136
2035,2018-06-25 00:00:00+00:00,143
2035,2018-07-02 00:00:00+00:00,106
2035,2018-07-09 00:00:00+00:00,144
2035,2018-07-16 00:00:00+00:00,121
2035,2018-07-23 00:00:00+00:00,95
2035,2018-07-30 00:00:00+00:00,111
2035,2018-08-06 00:00:00+00:00,109
2035,2018-08-20 00:00:00+00:00,115
2035,2018-08-27 00:00:00+00:00,105
2035,2018-09-03 00:00:00+00:00,105
2035,2018-09-10 00:00:00+00:00,120
2035,2018-09-17 00:00:00+00:00,135
2035,2018-09-24 00:00:00+00:00,158
2035,2018-10-01 00:00:00+00:00,156
2035,2018-10-08 00:00:00+00:00,153
2035,2018-10-15 00:00:00+00:00,158
2035,2018-10-22 00:00:00+00:00,169
2035,2018-10-29 00:00:00+00:00,144
2035,2018-11-05 00:00:00+00:00,132
2035,2018-11-12 00:00:00+00:00,116
2035,2018-11-19 00:00:00+00:00,135
2035,2018-11-26 00:00:00+00:00,168
2035,2018-12-03 00:00:00+00:00,178
2035,2018-12-10 00:00:00+00:00,158
2035,2018-12-17 00:00:00+00:00,120
2035,2018-12-31 00:00:00+00:00,142
2035,2019-01-07 00:00:00+00:00,145
2035,2019-01-14 00:00:00+00:00,147
2035,2019-01-21 00:00:00+00:00,156
2035,2019-01-28 00:00:00+00:00,155
2035,2019-02-04 00:00:00+00:00,176
2035,2019-02-11 00:00:00+00:00,196
2035,2019-02-18 00:00:00+00:00,172
2035,2019-02-25 00:00:00+00:00,164
2035,2019-03-04 00:00:00+00:00,166
2035,2019-03-11 00:00:00+00:00,162
2035,2019-03-18 00:00:00+00:00,157
2035,2019-03-25 00:00:00+00:00,162
2035,2019-04-01 00:00:00+00:00,112
2035,2019-04-08 00:00:00+00:00,161
2035,2019-04-15 00:00:00+00:00,112
2035,2019-04-22 00:00:00+00:00,116
2035,2019-04-29 00:00:00+00:00,52
2035,2019-05-06 00:00:00+00:00,105
2035,2019-05-13 00:00:00+00:00,135
2035,2019-05-20 00:00:00+00:00,161
2035,2019-05-27 00:00:00+00:00,109
2035,2019-06-03 00:00:00+00:00,163
2035,2019-06-10 00:00:00+00:00,134
2035,2019-06-17 00:00:00+00:00,142
2035,2019-06-24 00:00:00+00:00,96
2035,2019-07-01 00:00:00+00:00,136
2035,2019-07-08 00:00:00+00:00,103
2035,2019-07-15 00:00:00+00:00,111
2035,2019-07-22 00:00:00+00:00,83
2035,2019-07-29 00:00:00+00:00,75
2035,2019-08-05 00:00:00+00:00,45
2035,2019-08-19 00:00:00+00:00,76
2035,2019-08-26 00:00:00+00:00,107
2035,2019-09-02 00:00:00+00:00,157
2035,2019-09-09 00:00:00+00:00,123
2035,2019-09-16 00:00:00+00:00,135
2035,2019-09-23 00:00:00+00:00,182
2035,2019-09-30 00:00:00+00:00,165
2035,2019-10-07 00:00:00+00:00,180
2035,2019-10-14 00:00:00+00:00,167
2035,2019-10-21 00:00:00+00:00,159
2035,2019-10-28 00:00:00+00:00,144
2035,2019-11-04 00:00:00+00:00,154
2035,2019-11-11 00:00:00+00:00,174
2035,2019-11-18 00:00:00+00:00,139
2035,2019-11-25 00:00:00+00:00,150
2035,2019-12-02 00:00:00+00:00,136
2035,2019-12-09 00:00:00+00:00,93
2035,2019-12-16 00:00:00+00:00,130
2035,2019-12-23 00:00:00+00:00,77
2035,2019-12-30 00:00:00+00:00,49
2035,2020-01-06 00:00:00+00:00,145
2035,2020-01-13 00:00:00+00:00,149
2035,2020-01-20 00:00:00+00:00,142
2035,2020-01-27 00:00:00+00:00,178
2035,2020-02-03 00:00:00+00:00,146
2035,2020-02-10 00:00:00+00:00,178
2035,2020-02-17 00:00:00+00:00,148
2035,2020-02-24 00:00:00+00:00,146
2035,2020-03-02 00:00:00+00:00,160
2035,2020-03-09 00:00:00+00:00,123
2035,2020-06-22 00:00:00+00:00,36
2035,2020-07-06 00:00:00+00:00,7
2035,2020-08-17 00:00:00+00:00,73
2035,2020-08-24 00:00:00+00:00,68
2035,2020-08-31 00:00:00+00:00,96
2035,2020-09-07 00:00:00+00:00,75
2035,2020-09-14 00:00:00+00:00,118
2035,2020-09-21 00:00:00+00:00,118
2035,2020-09-28 00:00:00+00:00,106
2035,2020-10-05 00:00:00+00:00,87
2035,2020-10-12 00:00:00+00:00,123
2035,2020-10-19 00:00:00+00:00,104
2035,2020-10-26 00:00:00+00:00,33
4151,2017-05-15 00:00:00+00:00,1614
4151,2017-05-22 00:00:00+00:00,2993
4151,2017-05-29 00:00:00+00:00,1964
4151,2017-06-05 00:00:00+00:00,2796
4151,2017-06-12 00:00:00+00:00,3459
4151,2017-06-19 00:00:00+00:00,2631
4151,2017-06-26 00:00:00+00:00,983
4151,2017-07-03 00:00:00+00:00,2857
4151,2017-07-10 00:00:00+00:00,1987
4151,2017-07-17 00:00:00+00:00,2123
4151,2017-07-24 00:00:00+00:00,2339
4151,2017-07-31 00:00:00+00:00,2207
4151,2017-08-07 00:00:00+00:00,515
4151,2017-08-14 00:00:00+00:00,981
4151,2017-08-21 00:00:00+00:00,1758
4151,2017-08-28 00:00:00+00:00,1171
4151,2017-09-04 00:00:00+00:00,649
4151,2017-09-11 00:00:00+00:00,254
4151,2017-09-18 00:00:00+00:00,613
4151,2017-09-25 00:00:00+00:00,516
4151,2017-10-02 00:00:00+00:00,157
4151,2018-02-05 00:00:00+00:00,2782
4151,2018-02-12 00:00:00+00:00,3703
4151,2018-02-19 00:00:00+00:00,5091
4151,2018-02-26 00:00:00+00:00,4141
4151,2018-03-05 00:00:00+00:00,6071
4151,2018-03-12 00:00:00+00:00,5205
4151,2018-03-19 00:00:00+00:00,7055
4151,2018-03-26 00:00:00+00:00,5611
4151,2018-04-02 00:00:00+00:00,7699
4151,2018-04-09 00:00:00+00:00,9009
4151,2018-04-16 00:00:00+00:00,9706
4151,2018-04-23 00:00:00+00:00,7187
4151,2018-04-30 00:00:00+00:00,8623
4151,2018-05-07 00:00:00+00:00,8207
4151,2018-05-14 00:00:00+00:00,8114
4151,2018-05-21 00:00:00+00:00,8186
4151,2018-05-28 00:00:00+00:00,8711
4151,2018-06-04 00:00:00+00:00,9685
4151,2018-06-11 00:00:00+00:00,9034
4151,2018-06-18 00:00:00+00:00,10228
4151,2018-06-25 00:00:00+00:00,9649
4151,2018-07-02 00:00:00+00:00,9187
4151,2018-07-09 00:00:00+00:00,8237
4151,2018-07-16 00:00:00+00:00,8710
4151,2018-07-23 00:00:00+00:00,8322
4151,2018-07-30 00:00:00+00:00,9022
4151,2018-08-06 00:00:00+00:00,8321
4151,2018-08-13 00:00:00+00:00,8968
4151,2018-08-20 00:00:00+00:00,8402
4151,2018-08-27 00:00:00+00:00,9399
4151,2018-09-03 00:00:00+00:00,10675
4151,2018-09-10 00:00:00+00:00,9610
4151,2018-09-17 00:00:00+00:00,7569
4151,2018-09-24 00:00:00+00:00,7598
4151,2018-10-01 00:00:00+00:00,7069
4151,2018-10-08 00:00:00+00:00,8084
4151,2018-10-15 00:00:00+00:00,6555
4151,2018-10-22 00:00:00+00:00,5230
4151,2018-10-29 00:00:00+00:00,6020
4151,2018-11-05 00:00:00+00:00,4610
4151,2018-11-12 00:00:00+00:00,4225
4151,2018-11-19 00:00:00+00:00,3209
4151,2018-11-26 00:00:00+00:00,3586
4151,2018-12-03 00:00:00+00:00,2361
4151,2018-12-10 00:00:00+00:00,3343
4151,2018-12-17 00:00:00+00:00,2720
4151,2018-12-31 00:00:00+00:00,3154
4151,2019-01-07 00:00:00+00:00,3741
4151,2019-01-14 00:00:00+00:00,3931
4151,2019-01-21 00:00:00+00:00,3820
4151,2019-01-28 00:00:00+00:00,4736
4151,2019-02-04 00:00:00+00:00,4626
4151,2019-02-11 00:00:00+00:00,7831
4151,2019-02-18 00:00:00+00:00,8456
4151,2019-02-25 00:00:00+00:00,6651
4151,2019-03-04 00:00:00+00:00,6733
4151,2019-03-11 00:00:00+00:00,6854
4151,2019-03-18 00:00:00+00:00,8360
4151,2019-03-25 00:00:00+00:00,9468
4151,2019-04-01 00:00:00+00:00,9315
4151,2019-04-08 00:00:00+00:00,8842
4151,2019-04-15 00:00:00+00:00,11634
4151,2019-04-22 00:00:00+00:00,8248
4151,2019-04-29 00:00:00+00:00,8052
4151,2019-05-06 00:00:00+00:00,8139
4151,2019-05-13 00:00:00+00:00,9794
4151,2019-05-20 00:00:00+00:00,9383
4151,2019-05-27 00:00:00+00:00,10810
4151,2019-06-03 00:00:00+00:00,9001
4151,2019-06-10 00:00:00+00:00,10593
4151,2019-06-17 00:00:00+00:00,10406
4151,2019-06-24 00:00:00+00:00,10336
4151,2019-07-01 00:00:00+00:00,11205
4151,2019-07-08 00:00:00+00:00,10565
4151,2019-07-15 00:00:00+00:00,10923
4151,2019-07-22 00:00:00+00:00,9905
4151,2019-07-29 00:00:00+00:00,10173
4151,2019-08-05 00:00:00+00:00,8952
4151,2019-08-12 00:00:00+00:00,6234
4151,2019-08-19 00:00:00+00:00,10378
4151,2019-08-26 00:00:00+00:00,11483
4151,2019-09-02 00:00:00+00:00,10568
4151,2019-09-09 00:00:00+00:00,9445
4151,2019-09-16 00:00:00+00:00,10530
4151,2019-09-23 00:00:00+00:00,7949
4151,2019-09-30 00:00:00+00:00,6536
4151,2019-10-07 00:00:00+00:00,7489
4151,2019-10-14 00:00:00+00:00,5866
4151,2019-10-21 00:00:00+00:00,6935
4151,2019-10-28 00:00:00+00:00,5582
4151,2019-11-04 00:00:00+00:00,5643
4151,2019-11-11 00:00:00+00:00,5890
4151,2019-11-18 00:00:00+00:00,5113
4151,2019-11-25 00:00:00+00:00,4469
4151,2019-12-02 00:00:00+00:00,2408
4151,2019-12-09 00:00:00+00:00,2825
4151,2019-12-16 00:00:00+00:00,3338
4151,2019-12-23 00:00:00+00:00,2123
4151,2020-01-06 00:00:00+00:00,3854
4151,2020-01-13 00:00:00+00:00,5065
4151,2020-01-20 00:00:00+00:00,4418
4151,2020-01-27 00:00:00+00:00,5653
4151,2020-02-03 00:00:00+00:00,5452
4151,2020-02-10 00:00:00+00:00,5841
4151,2020-02-17 00:00:00+00:00,7039
4151,2020-02-24 00:00:00+00:00,5456
4151,2020-03-02 00:00:00+00:00,5944
4151,2020-03-09 00:00:00+00:00,1500
4151,2020-06-01 00:00:00+00:00,1168
4151,2020-06-08 00:00:00+00:00,2503
4151,2020-06-15 00:00:00+00:00,5102
4151,2020-06-22 00:00:00+00:00,6863
4151,2020-06-29 00:00:00+00:00,4572
4151,2020-07-06 00:00:00+00:00,3994
4151,2020-07-13 00:00:00+00:00,3850
4151,2020-07-20 00:00:00+00:00,4037
4151,2020-07-27 00:00:00+00:00,3339
4151,2020-08-03 00:00:00+00:00,2441
4151,2020-08-10 00:00:00+00:00,2258
4151,2020-08-17 00:00:00+00:00,2433
4151,2020-08-24 00:00:00+00:00,3184
4151,2020-08-31 00:00:00+00:00,4244
4151,2020-09-07 00:00:00+00:00,4798
4151,2020-09-14 00:00:00+00:00,4871
4151,2020-09-21 00:00:00+00:00,3290
4151,2020-09-28 00:00:00+00:00,3509
4196,2017-07-03 00:00:00+00:00,6
4196,2017-09-04 00:00:00+00:00,1
4196,2017-09-25 00:00:00+00:00,1
4196,2017-10-02 00:00:00+00:00,1
4196,2017-10-09 00:00:00+00:00,3
4196,2017-11-13 00:00:00+00:00,1
4196,2018-05-28 00:00:00+00:00,3
4196,2018-06-25 00:00:00+00:00,1
4196,2018-10-01 00:00:00+00:00,53
4196,2018-10-08 00:00:00+00:00,66
4196,2018-10-15 00:00:00+00:00,57
4196,2018-10-22 00:00:00+00:00,61
4196,2018-10-29 00:00:00+00:00,29
4196,2018-11-05 00:00:00+00:00,52
4196,2018-11-12 00:00:00+00:00,62
4196,2018-11-19 00:00:00+00:00,57
4196,2018-11-26 00:00:00+00:00,52
4196,2018-12-03 00:00:00+00:00,55
4196,2018-12-10 00:00:00+00:00,63
4196,2018-12-17 00:00:00+00:00,65
4196,2018-12-31 00:00:00+00:00,16
4196,2019-01-07 00:00:00+00:00,45
4196,2019-01-14 00:00:00+00:00,55
4196,2019-01-21 00:00:00+00:00,41
4196,2019-01-28 00:00:00+00:00,42
4196,2019-02-04 00:00:00+00:00,56
4196,2019-02-11 00:00:00+00:00,72
4196,2019-02-18 00:00:00+00:00,59
4196,2019-02-25 00:00:00+00:00,42
4196,2019-03-04 00:00:00+00:00,39
4196,2019-03-11 00:00:00+00:00,41
4196,2019-03-18 00:00:00+00:00,38
4196,2019-03-25 00:00:00+00:00,55
4196,2019-04-01 00:00:00+00:00,53
4196,2019-04-08 00:00:00+00:00,57
4196,2019-04-15 00:00:00+00:00,44
4196,2019-04-22 00:00:00+00:00,48
4196,2019-04-29 00:00:00+00:00,24
4196,2019-05-06 00:00:00+00:00,38
4196,2019-05-13 00:00:00+00:00,54
4196,2019-05-20 00:00:00+00:00,50
4196,2019-05-27 00:00:00+00:00,31
4196,2019-06-03 00:00:00+00:00,68
4196,2019-06-10 00:00:00+00:00,42
4196,2019-06-17 00:00:00+00:00,56
4196,2019-06-24 00:00:00+00:00,52
4196,2019-07-01 00:00:00+00:00,61
4196,2019-07-08 00:00:00+00:00,58
4196,2019-07-15 00:00:00+00:00,49
4196,2019-07-22 00:00:00+00:00,50
4196,2019-07-29 00:00:00+00:00,37
4196,2019-08-12 00:00:00+00:00,1
4196,2019-09-02 00:00:00+00:00,69
4196,2019-09-09 00:00:00+00:00,57
4196,2019-09-16 00:00:00+00:00,61
4196,2019-09-23 00:00:00+00:00,60
4196,2019-09-30 00:00:00+00:00,83
4196,2019-10-07 00:00:00+00:00,56
4196,2019-10-14 00:00:00+00:00,47
4196,2019-10-21 00:00:00+00:00,45
4196,2019-10-28 00:00:00+00:00,55
4196,2019-11-04 00:00:00+00:00,51
4196,2019-11-11 00:00:00+00:00,47
4196,2019-11-18 00:00:00+00:00,61
4196,2019-11-25 00:00:00+00:00,49
4196,2019-12-02 00:00:00+00:00,39
4196,2019-12-09 00:00:00+00:00,40
4196,2019-12-16 00:00:00+00:00,52
4196,2019-12-23 00:00:00+00:00,15
4196,2019-12-30 00:00:00+00:00,24
4196,2020-01-06 00:00:00+00:00,40
4196,2020-01-13 00:00:00+00:00,61
4196,2020-01-20 00:00:00+00:00,59
4196,2020-01-27 00:00:00+00:00,47
4196,2020-02-03 00:00:00+00:00,64
4196,2020-02-10 00:00:00+00:00,59
4196,2020-02-17 00:00:00+00:00,52
4196,2020-02-24 00:00:00+00:00,64
4196,2020-03-02 00:00:00+00:00,60
4196,2020-03-09 00:00:00+00:00,35
4196,2020-06-01 00:00:00+00:00,14
4196,2020-06-08 00:00:00+00:00,8
4196,2020-06-15 00:00:00+00:00,29
4196,2020-06-22 00:00:00+00:00,28
4196,2020-06-29 00:00:00+00:00,42
4196,2020-07-06 00:00:00+00:00,28
4196,2020-07-13 00:00:00+00:00,26
4196,2020-07-20 00:00:00+00:00,46
4196,2020-07-27 00:00:00+00:00,34
4196,2020-08-31 00:00:00+00:00,30
4196,2020-09-07 00:00:00+00:00,28
4196,2020-09-14 00:00:00+00:00,47
4196,2020-09-21 00:00:00+00:00,44
4196,2020-09-28 00:00:00+00:00,31
4196,2020-10-05 00:00:00+00:00,34
4196,2020-10-12 00:00:00+00:00,44
4196,2020-10-19 00:00:00+00:00,27
4196,2020-10-26 00:00:00+00:00,18
4364,2017-07-03 00:00:00+00:00,73
4364,2017-07-10 00:00:00+00:00,99
4364,2017-07-17 00:00:00+00:00,127
4364,2017-07-24 00:00:00+00:00,139
4364,2017-07-31 00:00:00+00:00,11
4364,2017-08-28 00:00:00+00:00,102
4364,2017-09-04 00:00:00+00:00,116
4364,2017-09-11 00:00:00+00:00,134
4364,2017-09-18 00:00:00+00:00,129
4364,2017-09-25 00:00:00+00:00,140
4364,2017-10-02 00:00:00+00:00,140
4364,2017-10-09 00:00:00+00:00,136
4364,2017-10-16 00:00:00+00:00,136
4364,2017-10-23 00:00:00+00:00,110
4364,2017-10-30 00:00:00+00:00,63
4364,2017-11-06 00:00:00+00:00,113
4364,2017-11-13 00:00:00+00:00,126
4364,2017-11-20 00:00:00+00:00,122
4364,2017-11-27 00:00:00+00:00,113
4364,2017-12-04 00:00:00+00:00,139
4364,2017-12-11 00:00:00+00:00,141
4364,2017-12-18 00:00:00+00:00,147
4364,2018-01-01 00:00:00+00:00,7
4364,2018-01-08 00:00:00+00:00,103
4364,2018-01-15 00:00:00+00:00,123
4364,2018-01-22 00:00:00+00:00,105
4364,2018-01-29 00:00:00+00:00,102
4364,2018-02-05 00:00:00+00:00,114
4364,2018-02-12 00:00:00+00:00,116
4364,2018-02-19 00:00:00+00:00,113
4364,2018-02-26 00:00:00+00:00,114
4364,2018-03-05 00:00:00+00:00,72
4364,2018-03-12 00:00:00+00:00,104
4364,2018-03-19 00:00:00+00:00,117
4364,2018-03-26 00:00:00+00:00,103
4364,2018-04-02 00:00:00+00:00,91
4364,2018-04-09 00:00:00+00:00,82
4364,2018-04-16 00:00:00+00:00,100
4364,2018-04-23 00:00:00+00:00,104
4364,2018-04-30 00:00:00+00:00,105
4364,2018-05-14 00:00:00+00:00,90
4364,2018-05-21 00:00:00+00:00,88
4364,2018-05-28 00:00:00+00:00,107
4364,2018-06-04 00:00:00+00:00,117
4364,2018-06-11 00:00:00+00:00,122
4364,2018-06-18 00:00:00+00:00,107
4364,2018-06-25 00:00:00+00:00,118
4364,2018-07-02 00:00:00+00:00,100
4364,2018-07-09 00:00:00+00:00,111
4364,2018-07-16 00:00:00+00:00,109
4364,2018-07-23 00:00:00+00:00,110
4364,2018-07-30 00:00:00+00:00,96
4364,2018-08-20 00:00:00+00:00,24
4364,2018-08-27 00:00:00+00:00,85
4364,2018-09-03 00:00:00+00:00,126
4364,2018-09-10 00:00:00+00:00,148
4364,2018-09-17 00:00:00+00:00,132
4364,2018-09-24 00:00:00+00:00,146
4364,2018-10-01 00:00:00+00:00,156
4364,2018-10-08 00:00:00+00:00,118
4364,2018-10-15 00:00:00+00:00,115
4364,2018-10-22 00:00:00+00:00,125
4364,2018-10-29 00:00:00+00:00,91
4364,2018-11-05 00:00:00+00:00,111
4364,2018-11-12 00:00:00+00:00,130
4364,2018-11-19 00:00:00+00:00,110
4364,2018-11-26 00:00:00+00:00,119
4364,2018-12-03 00:00:00+00:00,120
4364,2018-12-10 00:00:00+00:00,109
4364,2018-12-17 00:00:00+00:00,115
4364,2018-12-24 00:00:00+00:00,62
4364,2018-12-31 00:00:00+00:00,48
4364,2019-01-14 00:00:00+00:00,136
4364,2019-01-21 00:00:00+00:00,102
4364,2019-01-28 00:00:00+00:00,94
4364,2019-02-04 00:00:00+00:00,123
4364,2019-02-11 00:00:00+00:00,108
4364,2019-02-18 00:00:00+00:00,78
4364,2019-02-25 00:00:00+00:00,103
4364,2019-03-04 00:00:00+00:00,93
4364,2019-03-11 00:00:00+00:00,108
4364,2019-03-18 00:00:00+00:00,90
4364,2019-03-25 00:00:00+00:00,97
4364,2019-04-01 00:00:00+00:00,93
4364,2019-04-08 00:00:00+00:00,78
4364,2019-04-15 00:00:00+00:00,102
4364,2019-04-22 00:00:00+00:00,77
4364,2019-04-29 00:00:00+00:00,67
4364,2019-05-13 00:00:00+00:00,99
4364,2019-05-20 00:00:00+00:00,95
4364,2019-05-27 00:00:00+00:00,65
4364,2019-06-03 00:00:00+00:00,68
4364,2019-06-10 00:00:00+00:00,46
4364,2019-06-17 00:00:00+00:00,88
4364,2019-06-24 00:00:00+00:00,79
4364,2019-07-01 00:00:00+00:00,69
4364,2019-07-08 00:00:00+00:00,65
4364,2019-07-15 00:00:00+00:00,82
4364,2019-07-22 00:00:00+00:00,66
4364,2019-07-29 00:00:00+00:00,13
4364,2019-08-19 00:00:00+00:00,34
4364,2019-08-26 00:00:00+00:00,55
4364,2019-09-02 00:00:00+00:00,81
4364,2019-09-09 00:00:00+00:00,98
4364,2019-09-16 00:00:00+00:00,90
4364,2019-09-23 00:00:00+00:00,77
4364,2019-09-30 00:00:00+00:00,96
4364,2019-10-07 00:00:00+00:00,95
4364,2019-10-14 00:00:00+00:00,64
4364,2019-10-21 00:00:00+00:00,76
4364,2019-10-28 00:00:00+00:00,56
4364,2019-11-04 00:00:00+00:00,79
4364,2019-11-11 00:00:00+00:00,60
4364,2019-11-18 00:00:00+00:00,81
4364,2019-11-25 00:00:00+00:00,85
4364,2019-12-02 00:00:00+00:00,82
4364,2019-12-09 00:00:00+00:00,68
4364,2019-12-16 00:00:00+00:00,71
4364,2019-12-23 00:00:00+00:00,39
4364,2019-12-30 00:00:00+00:00,43
4364,2020-01-06 00:00:00+00:00,59
4364,2020-01-13 00:00:00+00:00,74
4364,2020-01-20 00:00:00+00:00,73
4364,2020-01-27 00:00:00+00:00,88
4364,2020-02-03 00:00:00+00:00,70
4364,2020-02-10 00:00:00+00:00,84
4364,2020-02-17 00:00:00+00:00,88
4364,2020-02-24 00:00:00+00:00,76
4364,2020-03-02 00:00:00+00:00,102
4364,2020-03-09 00:00:00+00:00,62
4364,2020-05-18 00:00:00+00:00,1
4364,2020-06-01 00:00:00+00:00,1
4364,2020-06-22 00:00:00+00:00,27
4364,2020-06-29 00:00:00+00:00,44
4364,2020-07-06 00:00:00+00:00,54
4364,2020-07-13 00:00:00+00:00,25
4364,2020-07-20 00:00:00+00:00,51
4364,2020-07-27 00:00:00+00:00,55
4364,2020-08-03 00:00:00+00:00,28
4364,2020-08-24 00:00:00+00:00,44
4364,2020-08-31 00:00:00+00:00,67
4364,2020-09-07 00:00:00+00:00,59
4364,2020-09-14 00:00:00+00:00,71
4364,2020-09-21 00:00:00+00:00,65
4364,2020-09-28 00:00:00+00:00,55
4364,2020-10-05 00:00:00+00:00,61
4364,2020-10-12 00:00:00+00:00,64
4364,2020-10-19 00:00:00+00:00,43
4364,2020-10-26 00:00:00+00:00,17
4364,2020-11-02 00:00:00+00:00,1
4803,2017-10-16 00:00:00+00:00,86
4803,2017-10-23 00:00:00+00:00,165
4803,2017-10-30 00:00:00+00:00,140
4803,2017-11-06 00:00:00+00:00,109
4803,2017-11-13 00:00:00+00:00,113
4803,2017-11-20 00:00:00+00:00,145
4803,2017-11-27 00:00:00+00:00,90
4803,2017-12-04 00:00:00+00:00,95
4803,2017-12-11 00:00:00+00:00,86
4803,2017-12-18 00:00:00+00:00,61
4803,2017-12-25 00:00:00+00:00,32
4803,2018-01-01 00:00:00+00:00,45
4803,2018-01-08 00:00:00+00:00,69
4803,2018-01-15 00:00:00+00:00,61
4803,2018-01-22 00:00:00+00:00,107
4803,2018-01-29 00:00:00+00:00,105
4803,2018-02-05 00:00:00+00:00,85
4803,2018-02-12 00:00:00+00:00,90
4803,2018-02-19 00:00:00+00:00,77
4803,2018-02-26 00:00:00+00:00,81
4803,2018-03-05 00:00:00+00:00,88
4803,2018-03-12 00:00:00+00:00,75
4803,2018-03-19 00:00:00+00:00,92
4803,2018-03-26 00:00:00+00:00,83
4803,2018-04-02 00:00:00+00:00,105
4803,2018-04-09 00:00:00+00:00,110
4803,2018-04-16 00:00:00+00:00,88
4803,2018-04-23 00:00:00+00:00,112
4803,2018-04-30 00:00:00+00:00,81
4803,2018-05-07 00:00:00+00:00,77
4803,2018-05-14 00:00:00+00:00,125
4803,2018-05-21 00:00:00+00:00,120
4803,2018-05-28 00:00:00+00:00,45
4803,2018-06-04 00:00:00+00:00,120
4803,2018-06-11 00:00:00+00:00,126
4803,2018-06-18 00:00:00+00:00,141
4803,2018-06-25 00:00:00+00:00,142
4803,2018-07-02 00:00:00+00:00,148
4803,2018-07-09 00:00:00+00:00,104
4803,2018-07-16 00:00:00+00:00,145
4803,2018-07-23 00:00:00+00:00,125
4803,2018-07-30 00:00:00+00:00,112
4803,2018-09-03 00:00:00+00:00,153
4803,2018-09-10 00:00:00+00:00,159
4803,2018-09-17 00:00:00+00:00,171
4803,2018-09-24 00:00:00+00:00,190
4803,2018-10-01 00:00:00+00:00,180
4803,2018-10-08 00:00:00+00:00,151
4803,2018-10-15 00:00:00+00:00,150
4803,2018-10-22 00:00:00+00:00,142
4803,2018-10-29 00:00:00+00:00,106
4803,2018-11-05 00:00:00+00:00,147
4803,2018-11-12 00:00:00+00:00,162
4803,2018-11-19 00:00:00+00:00,155
4803,2018-11-26 00:00:00+00:00,134
4803,2018-12-03 00:00:00+00:00,173
4803,2018-12-10 00:00:00+00:00,130
4803,2018-12-17 00:00:00+00:00,145
4803,2018-12-24 00:00:00+00:00,1
4803,2018-12-31 00:00:00+00:00,23
4803,2019-01-07 00:00:00+00:00,147
4803,2019-01-14 00:00:00+00:00,167
4803,2019-01-21 00:00:00+00:00,154
4803,2019-01-28 00:00:00+00:00,169
4803,2019-02-04 00:00:00+00:00,145
4803,2019-02-11 00:00:00+00:00,163
4803,2019-02-18 00:00:00+00:00,169
4803,2019-02-25 00:00:00+00:00,177
4803,2019-03-04 00:00:00+00:00,179
4803,2019-03-11 00:00:00+00:00,202
4803,2019-03-18 00:00:00+00:00,211
4803,2019-03-25 00:00:00+00:00,205
4803,2019-04-01 00:00:00+00:00,198
4803,2019-04-08 00:00:00+00:00,196
4803,2019-04-15 00:00:00+00:00,193
4803,2019-04-22 00:00:00+00:00,165
4803,2019-04-29 00:00:00+00:00,143
4803,2019-05-06 00:00:00+00:00,147
4803,2019-05-13 00:00:00+00:00,155
4803,2019-05-20 00:00:00+00:00,174
4803,2019-05-27 00:00:00+00:00,109
4803,2019-06-03 00:00:00+00:00,154
4803,2019-06-10 00:00:00+00:00,141
4803,2019-06-17 00:00:00+00:00,215
4803,2019-06-24 00:00:00+00:00,216
4803,2019-07-01 00:00:00+00:00,196
4803,2019-07-08 00:00:00+00:00,189
4803,2019-07-15 00:00:00+00:00,179
4803,2019-07-22 00:00:00+00:00,151
4803,2019-07-29 00:00:00+00:00,119
4803,2019-09-02 00:00:00+00:00,170
4803,2019-09-09 00:00:00+00:00,197
4803,2019-09-16 00:00:00+00:00,205
4803,2019-09-23 00:00:00+00:00,181
4803,2019-09-30 00:00:00+00:00,193
4803,2019-10-07 00:00:00+00:00,216
4803,2019-10-14 00:00:00+00:00,211
4803,2019-10-21 00:00:00+00:00,184
4803,2019-10-28 00:00:00+00:00,151
4803,2019-11-04 00:00:00+00:00,200
4803,2019-11-11 00:00:00+00:00,135
4803,2019-11-18 00:00:00+00:00,207
4803,2019-11-25 00:00:00+00:00,204
4803,2019-12-02 00:00:00+00:00,170
4803,2019-12-09 00:00:00+00:00,185
4803,2019-12-16 00:00:00+00:00,170
4803,2019-12-30 00:00:00+00:00,49
4803,2020-01-06 00:00:00+00:00,210
4803,2020-01-13 00:00:00+00:00,196
4803,2020-01-20 00:00:00+00:00,188
4803,2020-01-27 00:00:00+00:00,206
4803,2020-02-03 00:00:00+00:00,223
4803,2020-02-10 00:00:00+00:00,219
4803,2020-02-17 00:00:00+00:00,209
4803,2020-02-24 00:00:00+00:00,223
4803,2020-03-02 00:00:00+00:00,233
4803,2020-03-09 00:00:00+00:00,214
4803,2020-08-24 00:00:00+00:00,64
4803,2020-08-31 00:00:00+00:00,130
4803,2020-09-14 00:00:00+00:00,60
4803,2020-09-21 00:00:00+00:00,78
4803,2020-09-28 00:00:00+00:00,86
4803,2020-10-05 00:00:00+00:00,87
4803,2020-10-12 00:00:00+00:00,90
4803,2020-10-19 00:00:00+00:00,89
4803,2020-10-26 00:00:00+00:00,95
4803,2020-11-02 00:00:00+00:00,101
4803,2020-11-09 00:00:00+00:00,111
4803,2020-11-16 00:00:00+00:00,83
5210,2018-01-29 00:00:00+00:00,71
5210,2018-02-05 00:00:00+00:00,96
5210,2018-02-12 00:00:00+00:00,136
5210,2018-02-19 00:00:00+00:00,89
5210,2018-02-26 00:00:00+00:00,67
5210,2018-03-05 00:00:00+00:00,107
5210,2018-03-12 00:00:00+00:00,103
5210,2018-03-19 00:00:00+00:00,98
5210,2018-03-26 00:00:00+00:00,107
5210,2018-04-02 00:00:00+00:00,100
5210,2018-04-09 00:00:00+00:00,114
5210,2018-04-16 00:00:00+00:00,141
5210,2018-04-23 00:00:00+00:00,80
5210,2018-04-30 00:00:00+00:00,105
5210,2018-05-07 00:00:00+00:00,94
5210,2018-05-14 00:00:00+00:00,86
5210,2018-05-21 00:00:00+00:00,101
5210,2018-05-28 00:00:00+00:00,129
5210,2018-06-04 00:00:00+00:00,129
5210,2018-06-11 00:00:00+00:00,116
5210,2018-06-18 00:00:00+00:00,124
5210,2018-06-25 00:00:00+00:00,134
5210,2018-07-02 00:00:00+00:00,145
5210,2018-07-09 00:00:00+00:00,120
5210,2018-07-16 00:00:00+00:00,122
5210,2018-07-23 00:00:00+00:00,113
5210,2018-08-06 00:00:00+00:00,101
5210,2018-08-13 00:00:00+00:00,97
5210,2018-08-20 00:00:00+00:00,116
5210,2018-08-27 00:00:00+00:00,123
5210,2018-09-03 00:00:00+00:00,96
5210,2018-09-10 00:00:00+00:00,94
5210,2018-09-17 00:00:00+00:00,108
5210,2018-09-24 00:00:00+00:00,113
5210,2018-10-01 00:00:00+00:00,120
5210,2018-10-08 00:00:00+00:00,116
5210,2018-10-15 00:00:00+00:00,100
5210,2018-10-22 00:00:00+00:00,116
5210,2018-10-29 00:00:00+00:00,62
5210,2018-11-05 00:00:00+00:00,89
5210,2018-11-12 00:00:00+00:00,64
5210,2018-11-19 00:00:00+00:00,92
5210,2018-11-26 00:00:00+00:00,101
5210,2018-12-03 00:00:00+00:00,79
5210,2018-12-10 00:00:00+00:00,72
5210,2018-12-17 00:00:00+00:00,85
5210,2018-12-24 00:00:00+00:00,56
5210,2018-12-31 00:00:00+00:00,72
5210,2019-01-07 00:00:00+00:00,90
5210,2019-01-14 00:00:00+00:00,78
5210,2019-01-21 00:00:00+00:00,86
5210,2019-01-28 00:00:00+00:00,99
5210,2019-02-04 00:00:00+00:00,95
5210,2019-02-11 00:00:00+00:00,135
5210,2019-02-18 00:00:00+00:00,76
5210,2019-02-25 00:00:00+00:00,90
5210,2019-03-04 00:00:00+00:00,73
5210,2019-03-11 00:00:00+00:00,111
5210,2019-03-18 00:00:00+00:00,105
5210,2019-03-25 00:00:00+00:00,107
5210,2019-04-01 00:00:00+00:00,109
5210,2019-04-08 00:00:00+00:00,122
5210,2019-04-15 00:00:00+00:00,110
5210,2019-04-22 00:00:00+00:00,85
5210,2019-04-29 00:00:00+00:00,90
5210,2019-05-06 00:00:00+00:00,53
5210,2019-05-13 00:00:00+00:00,80
5210,2019-05-20 00:00:00+00:00,115
5210,2019-05-27 00:00:00+00:00,117
5210,2019-06-03 00:00:00+00:00,99
5210,2019-06-10 00:00:00+00:00,115
5210,2019-06-17 00:00:00+00:00,122
5210,2019-06-24 00:00:00+00:00,133
5210,2019-07-01 00:00:00+00:00,124
5210,2019-07-08 00:00:00+00:00,114
5210,2019-07-15 00:00:00+00:00,94
5210,2019-07-22 00:00:00+00:00,130
5210,2019-07-29 00:00:00+00:00,104
5210,2019-08-19 00:00:00+00:00,115
5210,2019-08-26 00:00:00+00:00,125
5210,2019-09-02 00:00:00+00:00,99
5210,2019-09-09 00:00:00+00:00,104
5210,2019-09-16 00:00:00+00:00,110
5210,2019-09-23 00:00:00+00:00,92
5210,2019-09-30 00:00:00+00:00,112
5210,2019-10-07 00:00:00+00:00,110
5210,2019-10-14 00:00:00+00:00,125
5210,2019-10-21 00:00:00+00:00,101
5210,2019-10-28 00:00:00+00:00,67
5210,2019-11-04 00:00:00+00:00,91
5210,2019-11-11 00:00:00+00:00,103
5210,2019-11-18 00:00:00+00:00,114
5210,2019-11-25 00:00:00+00:00,100
5210,2019-12-02 00:00:00+00:00,96
5210,2019-12-09 00:00:00+00:00,111
5210,2019-12-16 00:00:00+00:00,125
5210,2019-12-23 00:00:00+00:00,8
5210,2019-12-30 00:00:00+00:00,31
5210,2020-01-06 00:00:00+00:00,115
5210,2020-01-13 00:00:00+00:00,126
5210,2020-01-20 00:00:00+00:00,110
5210,2020-01-27 00:00:00+00:00,61
5210,2020-02-03 00:00:00+00:00,93
5210,2020-02-10 00:00:00+00:00,108
5210,2020-02-17 00:00:00+00:00,72
5210,2020-02-24 00:00:00+00:00,83
5210,2020-03-02 00:00:00+00:00,55
5210,2020-03-09 00:00:00+00:00,76
5210,2020-05-11 00:00:00+00:00,80
5210,2020-05-18 00:00:00+00:00,73
5210,2020-05-25 00:00:00+00:00,80
5210,2020-06-01 00:00:00+00:00,88
5210,2020-06-08 00:00:00+00:00,102
5210,2020-06-15 00:00:00+00:00,133
5210,2020-06-22 00:00:00+00:00,133
5210,2020-06-29 00:00:00+00:00,120
5210,2020-07-06 00:00:00+00:00,103
5210,2020-07-13 00:00:00+00:00,76
5210,2020-07-20 00:00:00+00:00,116
5210,2020-07-27 00:00:00+00:00,102
5210,2020-08-03 00:00:00+00:00,78
5210,2020-08-31 00:00:00+00:00,128
5210,2020-09-07 00:00:00+00:00,131
5210,2020-09-14 00:00:00+00:00,129
5210,2020-09-21 00:00:00+00:00,119
5210,2020-09-28 00:00:00+00:00,75
5210,2020-10-05 00:00:00+00:00,97
5210,2020-10-12 00:00:00+00:00,80
5210,2020-10-19 00:00:00+00:00,80
5210,2020-10-26 00:00:00+00:00,86
5210,2020-11-02 00:00:00+00:00,59
5210,2020-11-09 00:00:00+00:00,49
5210,2020-11-16 00:00:00+00:00,22
5281,2018-03-05 00:00:00+00:00,614
5281,2018-03-12 00:00:00+00:00,997
5281,2018-03-19 00:00:00+00:00,903
5281,2018-03-26 00:00:00+00:00,964
5281,2018-04-02 00:00:00+00:00,932
5281,2018-04-09 00:00:00+00:00,952
5281,2018-04-16 00:00:00+00:00,806
5281,2018-04-23 00:00:00+00:00,960
5281,2018-04-30 00:00:00+00:00,864
5281,2018-05-07 00:00:00+00:00,1010
5281,2018-05-14 00:00:00+00:00,960
5281,2018-05-21 00:00:00+00:00,1097
5281,2018-05-28 00:00:00+00:00,958
5281,2018-06-04 00:00:00+00:00,1006
5281,2018-06-11 00:00:00+00:00,1119
5281,2018-06-18 00:00:00+00:00,1005
5281,2018-06-25 00:00:00+00:00,880
5281,2018-07-02 00:00:00+00:00,901
5281,2018-07-09 00:00:00+00:00,728
5281,2018-07-16 00:00:00+00:00,936
5281,2018-07-23 00:00:00+00:00,759
5281,2018-07-30 00:00:00+00:00,586
5281,2018-08-06 00:00:00+00:00,715
5281,2018-08-13 00:00:00+00:00,609
5281,2018-08-20 00:00:00+00:00,688
5281,2018-08-27 00:00:00+00:00,794
5281,2018-09-03 00:00:00+00:00,1067
5281,2018-09-10 00:00:00+00:00,1041
5281,2018-09-17 00:00:00+00:00,993
5281,2018-09-24 00:00:00+00:00,1113
5281,2018-10-01 00:00:00+00:00,1097
5281,2018-10-08 00:00:00+00:00,1110
5281,2018-10-15 00:00:00+00:00,1281
5281,2018-10-22 00:00:00+00:00,1088
5281,2018-10-29 00:00:00+00:00,991
5281,2018-11-05 00:00:00+00:00,1026
5281,2018-11-12 00:00:00+00:00,1067
5281,2018-11-19 00:00:00+00:00,940
5281,2018-11-26 00:00:00+00:00,946
5281,2018-12-03 00:00:00+00:00,775
5281,2018-12-10 00:00:00+00:00,975
5281,2018-12-17 00:00:00+00:00,948
5281,2018-12-24 00:00:00+00:00,797
5281,2018-12-31 00:00:00+00:00,1020
5281,2019-01-07 00:00:00+00:00,927
5281,2019-01-14 00:00:00+00:00,1005
5281,2019-01-21 00:00:00+00:00,947
5281,2019-01-28 00:00:00+00:00,942
5281,2019-02-04 00:00:00+00:00,998
5281,2019-02-11 00:00:00+00:00,1201
5281,2019-02-18 00:00:00+00:00,1247
5281,2019-02-25 00:00:00+00:00,1001
5281,2019-03-04 00:00:00+00:00,1041
5281,2019-03-11 00:00:00+00:00,1136
5281,2019-03-18 00:00:00+00:00,1223
5281,2019-03-25 00:00:00+00:00,1236
5281,2019-04-01 00:00:00+00:00,1252
5281,2019-04-08 00:00:00+00:00,1308
5281,2019-04-15 00:00:00+00:00,1249
5281,2019-04-22 00:00:00+00:00,1154
5281,2019-04-29 00:00:00+00:00,1248
5281,2019-05-06 00:00:00+00:00,1205
5281,2019-05-13 00:00:00+00:00,1152
5281,2019-05-20 00:00:00+00:00,1174
5281,2019-05-27 00:00:00+00:00,982
5281,2019-06-03 00:00:00+00:00,1218
5281,2019-06-10 00:00:00+00:00,1207
5281,2019-06-17 00:00:00+00:00,1093
5281,2019-06-24 00:00:00+00:00,939
5281,2019-07-01 00:00:00+00:00,1035
5281,2019-07-08 00:00:00+00:00,1023
5281,2019-07-15 00:00:00+00:00,926
5281,2019-07-22 00:00:00+00:00,710
5281,2019-07-29 00:00:00+00:00,753
5281,2019-08-05 00:00:00+00:00,805
5281,2019-08-12 00:00:00+00:00,836
5281,2019-08-19 00:00:00+00:00,855
5281,2019-08-26 00:00:00+00:00,877
5281,2019-09-02 00:00:00+00:00,1106
5281,2019-09-09 00:00:00+00:00,1147
5281,2019-09-16 00:00:00+00:00,1243
5281,2019-09-23 00:00:00+00:00,1203
5281,2019-09-30 00:00:00+00:00,1101
5281,2019-10-07 00:00:00+00:00,1146
5281,2019-10-14 00:00:00+00:00,1061
5281,2019-10-21 00:00:00+00:00,1103
5281,2019-10-28 00:00:00+00:00,969
5281,2019-11-04 00:00:00+00:00,1060
5281,2019-11-11 00:00:00+00:00,999
5281,2019-11-18 00:00:00+00:00,1078
5281,2019-11-25 00:00:00+00:00,1078
5281,2019-12-02 00:00:00+00:00,929
5281,2019-12-09 00:00:00+00:00,888
5281,2019-12-16 00:00:00+00:00,898
5281,2019-12-23 00:00:00+00:00,786
5281,2019-12-30 00:00:00+00:00,922
5281,2020-01-06 00:00:00+00:00,969
5281,2020-01-13 00:00:00+00:00,1113
5281,2020-01-20 00:00:00+00:00,1102
5281,2020-01-27 00:00:00+00:00,1054
5281,2020-02-03 00:00:00+00:00,1085
5281,2020-02-10 00:00:00+00:00,1121
5281,2020-02-17 00:00:00+00:00,1204
5281,2020-02-24 00:00:00+00:00,1092
5281,2020-03-02 00:00:00+00:00,998
5281,2020-03-09 00:00:00+00:00,762
5281,2020-03-16 00:00:00+00:00,9
5281,2020-03-23 00:00:00+00:00,7
5281,2020-03-30 00:00:00+00:00,18
5281,2020-04-06 00:00:00+00:00,7
5281,2020-04-13 00:00:00+00:00,8
5281,2020-04-20 00:00:00+00:00,15
5281,2020-04-27 00:00:00+00:00,25
5281,2020-05-04 00:00:00+00:00,36
5281,2020-05-11 00:00:00+00:00,624
5281,2020-05-18 00:00:00+00:00,650
5281,2020-05-25 00:00:00+00:00,616
5281,2020-06-01 00:00:00+00:00,585
5281,2020-06-08 00:00:00+00:00,791
5281,2020-06-15 00:00:00+00:00,890
5281,2020-06-22 00:00:00+00:00,919
5281,2020-06-29 00:00:00+00:00,1081
5281,2020-07-06 00:00:00+00:00,886
5281,2020-07-13 00:00:00+00:00,731
5281,2020-07-20 00:00:00+00:00,844
5281,2020-07-27 00:00:00+00:00,698
5281,2020-08-03 00:00:00+00:00,644
5281,2020-08-10 00:00:00+00:00,604
5281,2020-08-17 00:00:00+00:00,914
5281,2020-08-24 00:00:00+00:00,939
5281,2020-08-31 00:00:00+00:00,892
5281,2020-09-07 00:00:00+00:00,1048
5281,2020-09-14 00:00:00+00:00,1032
5281,2020-09-21 00:00:00+00:00,1129
5281,2020-09-28 00:00:00+00:00,1102
5281,2020-10-05 00:00:00+00:00,682
5281,2020-10-12 00:00:00+00:00,1031
5281,2020-10-19 00:00:00+00:00,999
5281,2020-10-26 00:00:00+00:00,686
5281,2020-11-02 00:00:00+00:00,146
5281,2020-11-09 00:00:00+00:00,226
5281,2020-11-16 00:00:00+00:00,111
5498,2018-01-29 00:00:00+00:00,4
5498,2018-02-05 00:00:00+00:00,32
5498,2018-02-12 00:00:00+00:00,87
5498,2018-02-19 00:00:00+00:00,43
5498,2018-04-02 00:00:00+00:00,43
5498,2018-04-09 00:00:00+00:00,61
5498,2018-04-16 00:00:00+00:00,91
5498,2018-04-23 00:00:00+00:00,82
5498,2018-04-30 00:00:00+00:00,53
5498,2018-05-07 00:00:00+00:00,40
5498,2018-05-14 00:00:00+00:00,67
5498,2018-05-21 00:00:00+00:00,76
5498,2018-05-28 00:00:00+00:00,92
5498,2018-06-04 00:00:00+00:00,84
5498,2018-06-11 00:00:00+00:00,89
5498,2018-06-18 00:00:00+00:00,80
5498,2018-06-25 00:00:00+00:00,93
5498,2018-07-02 00:00:00+00:00,75
5498,2018-07-09 00:00:00+00:00,69
5498,2018-07-16 00:00:00+00:00,83
5498,2018-07-23 00:00:00+00:00,62
5498,2018-07-30 00:00:00+00:00,82
5498,2018-08-06 00:00:00+00:00,92
5498,2018-08-20 00:00:00+00:00,57
5498,2018-08-27 00:00:00+00:00,73
5498,2018-09-03 00:00:00+00:00,90
5498,2018-09-10 00:00:00+00:00,73
5498,2018-09-17 00:00:00+00:00,98
5498,2018-09-24 00:00:00+00:00,106
5498,2018-10-01 00:00:00+00:00,111
5498,2018-10-08 00:00:00+00:00,85
5498,2018-10-15 00:00:00+00:00,83
5498,2018-10-22 00:00:00+00:00,92
5498,2018-10-29 00:00:00+00:00,63
5498,2018-11-05 00:00:00+00:00,77
5498,2018-11-12 00:00:00+00:00,78
5498,2018-11-19 00:00:00+00:00,109
5498,2018-11-26 00:00:00+00:00,94
5498,2018-12-03 00:00:00+00:00,67
5498,2018-12-10 00:00:00+00:00,103
5498,2018-12-17 00:00:00+00:00,131
5498,2018-12-24 00:00:00+00:00,67
5498,2018-12-31 00:00:00+00:00,62
5498,2019-01-07 00:00:00+00:00,84
5498,2019-01-14 00:00:00+00:00,174
5498,2019-01-21 00:00:00+00:00,122
5498,2019-01-28 00:00:00+00:00,121
5498,2019-02-04 00:00:00+00:00,93
5498,2019-02-11 00:00:00+00:00,152
5498,2019-02-18 00:00:00+00:00,1
5498,2019-02-25 00:00:00+00:00,111
5498,2019-03-04 00:00:00+00:00,108
5498,2019-03-11 00:00:00+00:00,81
5498,2019-03-18 00:00:00+00:00,195
5498,2019-03-25 00:00:00+00:00,106
5498,2019-04-01 00:00:00+00:00,103
5498,2019-04-08 00:00:00+00:00,153
5498,2019-04-15 00:00:00+00:00,136
5498,2019-04-22 00:00:00+00:00,181
5498,2019-04-29 00:00:00+00:00,6
5498,2019-05-06 00:00:00+00:00,50
5498,2019-05-13 00:00:00+00:00,96
5498,2019-05-20 00:00:00+00:00,102
5498,2019-05-27 00:00:00+00:00,69
5498,2019-06-03 00:00:00+00:00,114
5498,2019-06-10 00:00:00+00:00,109
5498,2019-06-17 00:00:00+00:00,100
5498,2019-06-24 00:00:00+00:00,89
5498,2019-07-01 00:00:00+00:00,93
5498,2019-07-08 00:00:00+00:00,57
5498,2019-07-15 00:00:00+00:00,82
5498,2019-07-22 00:00:00+00:00,73
5498,2019-07-29 00:00:00+00:00,45
5498,2019-08-26 00:00:00+00:00,2
5498,2019-09-02 00:00:00+00:00,74
5498,2019-09-09 00:00:00+00:00,85
5498,2019-09-16 00:00:00+00:00,94
5498,2019-09-23 00:00:00+00:00,76
5498,2019-09-30 00:00:00+00:00,84
5498,2019-10-07 00:00:00+00:00,79
5498,2019-10-14 00:00:00+00:00,87
5498,2019-10-21 00:00:00+00:00,83
5498,2019-10-28 00:00:00+00:00,66
5498,2019-11-04 00:00:00+00:00,60
5498,2019-11-11 00:00:00+00:00,59
5498,2019-11-18 00:00:00+00:00,69
5498,2019-11-25 00:00:00+00:00,75
5498,2019-12-02 00:00:00+00:00,51
5498,2019-12-09 00:00:00+00:00,26
5498,2019-12-16 00:00:00+00:00,21
5498,2019-12-23 00:00:00+00:00,49
5498,2019-12-30 00:00:00+00:00,33
5498,2020-01-06 00:00:00+00:00,51
5498,2020-01-13 00:00:00+00:00,57
5498,2020-01-20 00:00:00+00:00,78
5498,2020-01-27 00:00:00+00:00,55
5498,2020-02-03 00:00:00+00:00,58
5498,2020-02-10 00:00:00+00:00,72
5498,2020-02-17 00:00:00+00:00,54
5498,2020-02-24 00:00:00+00:00,71
5498,2020-03-02 00:00:00+00:00,56
5498,2020-03-09 00:00:00+00:00,37
5498,2020-03-16 00:00:00+00:00,2
5498,2020-04-27 00:00:00+00:00,1
5498,2020-05-04 00:00:00+00:00,39
5498,2020-05-11 00:00:00+00:00,23
5498,2020-05-18 00:00:00+00:00,36
5498,2020-05-25 00:00:00+00:00,19
5498,2020-06-01 00:00:00+00:00,27
5498,2020-06-08 00:00:00+00:00,14
5498,2020-06-15 00:00:00+00:00,51
5498,2020-06-22 00:00:00+00:00,67
5498,2020-06-29 00:00:00+00:00,57
5498,2020-07-06 00:00:00+00:00,47
5498,2020-07-13 00:00:00+00:00,53
5498,2020-07-20 00:00:00+00:00,56
5498,2020-07-27 00:00:00+00:00,69
5498,2020-08-03 00:00:00+00:00,70
5498,2020-08-10 00:00:00+00:00,39
5498,2020-08-17 00:00:00+00:00,31
5498,2020-08-24 00:00:00+00:00,42
5498,2020-08-31 00:00:00+00:00,40
5498,2020-09-07 00:00:00+00:00,70
5498,2020-09-14 00:00:00+00:00,66
5498,2020-09-21 00:00:00+00:00,65
5498,2020-09-28 00:00:00+00:00,53
5498,2020-10-05 00:00:00+00:00,53
5498,2020-10-12 00:00:00+00:00,73
5498,2020-10-19 00:00:00+00:00,35
5498,2020-11-02 00:00:00+00:00,7
5498,2020-11-09 00:00:00+00:00,8
5498,2020-11-16 00:00:00+00:00,3
5617,2018-02-19 00:00:00+00:00,428
5617,2018-02-26 00:00:00+00:00,389
5617,2018-03-05 00:00:00+00:00,440
5617,2018-03-12 00:00:00+00:00,264
5617,2018-03-19 00:00:00+00:00,420
5617,2018-03-26 00:00:00+00:00,130
5617,2018-04-02 00:00:00+00:00,230
5617,2018-04-09 00:00:00+00:00,577
5617,2018-04-16 00:00:00+00:00,271
5617,2018-04-23 00:00:00+00:00,219
5617,2018-04-30 00:00:00+00:00,300
5617,2018-05-07 00:00:00+00:00,302
5617,2018-05-14 00:00:00+00:00,192
5617,2018-05-21 00:00:00+00:00,167
5617,2018-05-28 00:00:00+00:00,283
5617,2018-06-04 00:00:00+00:00,172
5617,2018-06-11 00:00:00+00:00,241
5617,2018-06-18 00:00:00+00:00,190
5617,2018-06-25 00:00:00+00:00,138
5617,2018-07-02 00:00:00+00:00,206
5617,2018-07-09 00:00:00+00:00,184
5617,2018-07-16 00:00:00+00:00,132
5617,2018-07-23 00:00:00+00:00,77
5617,2018-07-30 00:00:00+00:00,34
5617,2018-08-13 00:00:00+00:00,39
5617,2018-08-20 00:00:00+00:00,53
5617,2018-08-27 00:00:00+00:00,143
5617,2018-09-03 00:00:00+00:00,86
5617,2018-09-10 00:00:00+00:00,107
5617,2018-09-17 00:00:00+00:00,66
5617,2018-12-03 00:00:00+00:00,137
5617,2018-12-10 00:00:00+00:00,169
5617,2018-12-17 00:00:00+00:00,110
5617,2018-12-24 00:00:00+00:00,50
5617,2018-12-31 00:00:00+00:00,75
5617,2019-01-07 00:00:00+00:00,142
5617,2019-01-14 00:00:00+00:00,161
5617,2019-01-21 00:00:00+00:00,92
5617,2019-01-28 00:00:00+00:00,51
5617,2019-02-04 00:00:00+00:00,104
5617,2019-02-11 00:00:00+00:00,70
5617,2019-02-18 00:00:00+00:00,115
5617,2019-02-25 00:00:00+00:00,109
5617,2019-03-04 00:00:00+00:00,99
5617,2019-03-11 00:00:00+00:00,112
5617,2019-03-18 00:00:00+00:00,146
5617,2019-03-25 00:00:00+00:00,166
5617,2019-04-01 00:00:00+00:00,127
5617,2019-04-08 00:00:00+00:00,97
5617,2019-04-15 00:00:00+00:00,133
5617,2019-04-22 00:00:00+00:00,80
5617,2019-04-29 00:00:00+00:00,26
5617,2019-05-06 00:00:00+00:00,115
5617,2019-05-13 00:00:00+00:00,149
5617,2019-05-20 00:00:00+00:00,86
5617,2019-05-27 00:00:00+00:00,114
5617,2019-06-03 00:00:00+00:00,267
5617,2019-06-10 00:00:00+00:00,248
5617,2019-06-17 00:00:00+00:00,265
5617,2019-06-24 00:00:00+00:00,135
5617,2019-07-01 00:00:00+00:00,83
5617,2019-07-08 00:00:00+00:00,120
5617,2019-07-15 00:00:00+00:00,65
5617,2019-07-22 00:00:00+00:00,50
5617,2019-07-29 00:00:00+00:00,93
5617,2019-08-05 00:00:00+00:00,46
5617,2019-08-19 00:00:00+00:00,31
5617,2019-08-26 00:00:00+00:00,183
5617,2019-09-02 00:00:00+00:00,164
5617,2019-09-09 00:00:00+00:00,43
5617,2019-09-16 00:00:00+00:00,143
5617,2019-09-23 00:00:00+00:00,322
5617,2019-09-30 00:00:00+00:00,307
5617,2019-10-07 00:00:00+00:00,136
5617,2019-10-14 00:00:00+00:00,357
5617,2019-10-21 00:00:00+00:00,384
5617,2019-10-28 00:00:00+00:00,292
5617,2019-11-04 00:00:00+00:00,418
5617,2019-11-11 00:00:00+00:00,287
5617,2019-11-18 00:00:00+00:00,312
5617,2019-11-25 00:00:00+00:00,243
5617,2019-12-02 00:00:00+00:00,198
5617,2019-12-09 00:00:00+00:00,329
5617,2019-12-16 00:00:00+00:00,223
5617,2019-12-23 00:00:00+00:00,6
5617,2019-12-30 00:00:00+00:00,50
5617,2020-01-06 00:00:00+00:00,200
5617,2020-01-13 00:00:00+00:00,103
5617,2020-01-20 00:00:00+00:00,214
5617,2020-01-27 00:00:00+00:00,293
5617,2020-02-03 00:00:00+00:00,281
5617,2020-02-10 00:00:00+00:00,278
5617,2020-02-17 00:00:00+00:00,231
5617,2020-02-24 00:00:00+00:00,225
5617,2020-03-02 00:00:00+00:00,255
5617,2020-03-09 00:00:00+00:00,269
5617,2020-09-14 00:00:00+00:00,3
5860,2018-06-04 00:00:00+00:00,54
5860,2018-06-11 00:00:00+00:00,64
5860,2018-06-18 00:00:00+00:00,54
5860,2018-06-25 00:00:00+00:00,50
5860,2018-07-02 00:00:00+00:00,46
5860,2018-07-09 00:00:00+00:00,38
5860,2018-07-16 00:00:00+00:00,43
5860,2018-07-23 00:00:00+00:00,30
5860,2018-08-20 00:00:00+00:00,29
5860,2018-08-27 00:00:00+00:00,59
5860,2018-09-03 00:00:00+00:00,62
5860,2018-09-10 00:00:00+00:00,67
5860,2018-09-17 00:00:00+00:00,52
5860,2018-09-24 00:00:00+00:00,79
5860,2018-10-01 00:00:00+00:00,67
5860,2018-10-08 00:00:00+00:00,83
5860,2018-10-15 00:00:00+00:00,54
5860,2018-10-22 00:00:00+00:00,70
5860,2018-10-29 00:00:00+00:00,54
5860,2018-11-05 00:00:00+00:00,52
5860,2018-11-12 00:00:00+00:00,59
5860,2018-11-19 00:00:00+00:00,65
5860,2018-11-26 00:00:00+00:00,46
5860,2018-12-03 00:00:00+00:00,45
5860,2018-12-10 00:00:00+00:00,37
5860,2018-12-17 00:00:00+00:00,40
5860,2018-12-24 00:00:00+00:00,48
5860,2018-12-31 00:00:00+00:00,66
5860,2019-01-14 00:00:00+00:00,48
5860,2019-01-21 00:00:00+00:00,60
5860,2019-01-28 00:00:00+00:00,41
5860,2019-02-04 00:00:00+00:00,57
5860,2019-02-11 00:00:00+00:00,59
5860,2019-02-18 00:00:00+00:00,57
5860,2019-02-25 00:00:00+00:00,51
5860,2019-03-04 00:00:00+00:00,42
5860,2019-03-11 00:00:00+00:00,69
5860,2019-03-18 00:00:00+00:00,49
5860,2019-03-25 00:00:00+00:00,56
5860,2019-04-01 00:00:00+00:00,41
5860,2019-04-08 00:00:00+00:00,56
5860,2019-04-15 00:00:00+00:00,46
5860,2019-04-22 00:00:00+00:00,46
5860,2019-04-29 00:00:00+00:00,54
5860,2019-05-06 00:00:00+00:00,41
5860,2019-05-13 00:00:00+00:00,43
5860,2019-05-20 00:00:00+00:00,47
5860,2019-05-27 00:00:00+00:00,34
5860,2019-06-03 00:00:00+00:00,48
5860,2019-06-10 00:00:00+00:00,63
5860,2019-06-17 00:00:00+00:00,52
5860,2019-06-24 00:00:00+00:00,25
5860,2019-07-01 00:00:00+00:00,36
5860,2019-07-08 00:00:00+00:00,43
5860,2019-07-15 00:00:00+00:00,62
5860,2019-07-22 00:00:00+00:00,44
5860,2019-07-29 00:00:00+00:00,47
5860,2019-08-05 00:00:00+00:00,12
5860,2019-08-26 00:00:00+00:00,58
5860,2019-09-02 00:00:00+00:00,50
5860,2019-09-09 00:00:00+00:00,68
5860,2019-09-16 00:00:00+00:00,62
5860,2019-09-23 00:00:00+00:00,73
5860,2019-09-30 00:00:00+00:00,76
5860,2019-10-07 00:00:00+00:00,81
5860,2019-10-14 00:00:00+00:00,55
5860,2019-10-21 00:00:00+00:00,72
5860,2019-10-28 00:00:00+00:00,87
5860,2019-11-04 00:00:00+00:00,25
5860,2019-11-11 00:00:00+00:00,59
5860,2019-11-18 00:00:00+00:00,71
5860,2019-11-25 00:00:00+00:00,70
5860,2019-12-02 00:00:00+00:00,53
5860,2019-12-09 00:00:00+00:00,38
5860,2019-12-16 00:00:00+00:00,22
5860,2019-12-23 00:00:00+00:00,42
5860,2019-12-30 00:00:00+00:00,75
5860,2020-01-06 00:00:00+00:00,24
5860,2020-01-13 00:00:00+00:00,52
5860,2020-01-20 00:00:00+00:00,33
5860,2020-01-27 00:00:00+00:00,51
5860,2020-02-03 00:00:00+00:00,60
5860,2020-02-10 00:00:00+00:00,80
5860,2020-02-17 00:00:00+00:00,70
5860,2020-02-24 00:00:00+00:00,58
5860,2020-03-02 00:00:00+00:00,33
5860,2020-03-09 00:00:00+00:00,16
5860,2020-06-22 00:00:00+00:00,4
6008,2018-02-26 00:00:00+00:00,83
6008,2018-03-05 00:00:00+00:00,249
6008,2018-03-12 00:00:00+00:00,187
6008,2018-03-19 00:00:00+00:00,197
6008,2018-03-26 00:00:00+00:00,220
6008,2018-04-02 00:00:00+00:00,162
6008,2018-04-09 00:00:00+00:00,161
6008,2018-04-16 00:00:00+00:00,148
6008,2018-04-23 00:00:00+00:00,145
6008,2018-04-30 00:00:00+00:00,216
6008,2018-05-07 00:00:00+00:00,112
6008,2018-05-14 00:00:00+00:00,168
6008,2018-05-21 00:00:00+00:00,330
6008,2018-05-28 00:00:00+00:00,144
6008,2018-06-04 00:00:00+00:00,167
6008,2018-06-11 00:00:00+00:00,157
6008,2018-06-18 00:00:00+00:00,140
6008,2018-06-25 00:00:00+00:00,109
6008,2018-07-02 00:00:00+00:00,111
6008,2018-07-09 00:00:00+00:00,91
6008,2018-07-16 00:00:00+00:00,91
6008,2018-07-23 00:00:00+00:00,83
6008,2018-08-27 00:00:00+00:00,119
6008,2018-09-03 00:00:00+00:00,179
6008,2018-09-10 00:00:00+00:00,139
6008,2018-09-17 00:00:00+00:00,149
6008,2018-09-24 00:00:00+00:00,158
6008,2018-10-01 00:00:00+00:00,170
6008,2018-10-08 00:00:00+00:00,146
6008,2018-10-15 00:00:00+00:00,154
6008,2018-10-22 00:00:00+00:00,116
6008,2018-10-29 00:00:00+00:00,132
6008,2018-11-05 00:00:00+00:00,149
6008,2018-11-12 00:00:00+00:00,145
6008,2018-11-19 00:00:00+00:00,157
6008,2018-11-26 00:00:00+00:00,163
6008,2018-12-03 00:00:00+00:00,157
6008,2018-12-10 00:00:00+00:00,166
6008,2018-12-17 00:00:00+00:00,163
6008,2018-12-24 00:00:00+00:00,237
6008,2018-12-31 00:00:00+00:00,232
6008,2019-01-07 00:00:00+00:00,151
6008,2019-01-14 00:00:00+00:00,116
6008,2019-01-21 00:00:00+00:00,147
6008,2019-01-28 00:00:00+00:00,121
6008,2019-02-04 00:00:00+00:00,174
6008,2019-02-11 00:00:00+00:00,357
6008,2019-02-25 00:00:00+00:00,159
6008,2019-03-04 00:00:00+00:00,180
6008,2019-03-11 00:00:00+00:00,148
6008,2019-03-18 00:00:00+00:00,189
6008,2019-03-25 00:00:00+00:00,181
6008,2019-04-01 00:00:00+00:00,156
6008,2019-04-08 00:00:00+00:00,192
6008,2019-04-15 00:00:00+00:00,170
6008,2019-04-22 00:00:00+00:00,126
6008,2019-04-29 00:00:00+00:00,205
6008,2019-05-06 00:00:00+00:00,150
6008,2019-05-13 00:00:00+00:00,173
6008,2019-05-20 00:00:00+00:00,397
6008,2019-05-27 00:00:00+00:00,105
6008,2019-06-03 00:00:00+00:00,141
6008,2019-06-10 00:00:00+00:00,177
6008,2019-06-17 00:00:00+00:00,145
6008,2019-06-24 00:00:00+00:00,83
6008,2019-07-01 00:00:00+00:00,135
6008,2019-07-08 00:00:00+00:00,113
6008,2019-07-15 00:00:00+00:00,103
6008,2019-07-22 00:00:00+00:00,75
6008,2019-08-26 00:00:00+00:00,116
6008,2019-09-02 00:00:00+00:00,174
6008,2019-09-09 00:00:00+00:00,142
6008,2019-09-16 00:00:00+00:00,138
6008,2019-09-23 00:00:00+00:00,169
6008,2019-09-30 00:00:00+00:00,170
6008,2019-10-07 00:00:00+00:00,147
6008,2019-10-14 00:00:00+00:00,145
6008,2019-10-21 00:00:00+00:00,152
6008,2019-10-28 00:00:00+00:00,146
6008,2019-11-04 00:00:00+00:00,167
6008,2019-11-11 00:00:00+00:00,143
6008,2019-11-18 00:00:00+00:00,156
6008,2019-11-25 00:00:00+00:00,166
6008,2019-12-02 00:00:00+00:00,129
6008,2019-12-09 00:00:00+00:00,139
6008,2019-12-16 00:00:00+00:00,146
6008,2019-12-23 00:00:00+00:00,259
6008,2019-12-30 00:00:00+00:00,174
6008,2020-01-06 00:00:00+00:00,157
6008,2020-01-13 00:00:00+00:00,152
6008,2020-01-20 00:00:00+00:00,176
6008,2020-01-27 00:00:00+00:00,180
6008,2020-02-03 00:00:00+00:00,181
6008,2020-02-10 00:00:00+00:00,386
6008,2020-02-17 00:00:00+00:00,73
6008,2020-02-24 00:00:00+00:00,156
6008,2020-03-02 00:00:00+00:00,178
6008,2020-03-09 00:00:00+00:00,124
6008,2020-04-20 00:00:00+00:00,105
6008,2020-04-27 00:00:00+00:00,199
6008,2020-05-04 00:00:00+00:00,111
6008,2020-05-11 00:00:00+00:00,160
6008,2020-05-18 00:00:00+00:00,186
6008,2020-05-25 00:00:00+00:00,162
6008,2020-06-01 00:00:00+00:00,322
6008,2020-06-08 00:00:00+00:00,74
6008,2020-09-07 00:00:00+00:00,86
6008,2020-09-14 00:00:00+00:00,160
6008,2020-09-21 00:00:00+00:00,139
6008,2020-09-28 00:00:00+00:00,182
6008,2020-10-05 00:00:00+00:00,157
6008,2020-10-12 00:00:00+00:00,165
6008,2020-10-19 00:00:00+00:00,139
6008,2020-10-26 00:00:00+00:00,173
6008,2020-11-02 00:00:00+00:00,89
6008,2020-11-09 00:00:00+00:00,112
6008,2020-11-16 00:00:00+00:00,20
6827,2018-05-21 00:00:00+00:00,2
6827,2018-05-28 00:00:00+00:00,1
6827,2018-06-11 00:00:00+00:00,156
6827,2018-06-18 00:00:00+00:00,182
6827,2018-06-25 00:00:00+00:00,214
6827,2018-07-02 00:00:00+00:00,139
6827,2018-07-09 00:00:00+00:00,140
6827,2018-07-16 00:00:00+00:00,178
6827,2018-07-23 00:00:00+00:00,129
6827,2018-07-30 00:00:00+00:00,158
6827,2018-08-06 00:00:00+00:00,156
6827,2018-08-20 00:00:00+00:00,62
6827,2018-08-27 00:00:00+00:00,79
6827,2018-09-03 00:00:00+00:00,185
6827,2018-09-10 00:00:00+00:00,156
6827,2018-09-17 00:00:00+00:00,134
6827,2018-09-24 00:00:00+00:00,121
6827,2018-10-01 00:00:00+00:00,142
6827,2018-10-08 00:00:00+00:00,115
6827,2018-10-15 00:00:00+00:00,101
6827,2018-10-22 00:00:00+00:00,92
6827,2018-10-29 00:00:00+00:00,49
6827,2018-11-05 00:00:00+00:00,106
6827,2018-11-12 00:00:00+00:00,52
6827,2018-11-19 00:00:00+00:00,76
6827,2018-11-26 00:00:00+00:00,76
6827,2018-12-03 00:00:00+00:00,84
6827,2018-12-10 00:00:00+00:00,108
6827,2018-12-17 00:00:00+00:00,109
6827,2018-12-24 00:00:00+00:00,86
6827,2018-12-31 00:00:00+00:00,81
6827,2019-01-07 00:00:00+00:00,80
6827,2019-01-14 00:00:00+00:00,104
6827,2019-01-21 00:00:00+00:00,78
6827,2019-01-28 00:00:00+00:00,82
6827,2019-02-04 00:00:00+00:00,93
6827,2019-02-11 00:00:00+00:00,118
6827,2019-02-18 00:00:00+00:00,115
6827,2019-02-25 00:00:00+00:00,96
6827,2019-03-04 00:00:00+00:00,71
6827,2019-03-11 00:00:00+00:00,105
6827,2019-03-18 00:00:00+00:00,108
6827,2019-03-25 00:00:00+00:00,107
6827,2019-04-01 00:00:00+00:00,160
6827,2019-04-08 00:00:00+00:00,184
6827,2019-04-15 00:00:00+00:00,166
6827,2019-04-22 00:00:00+00:00,141
6827,2019-04-29 00:00:00+00:00,163
6827,2019-05-06 00:00:00+00:00,153
6827,2019-05-13 00:00:00+00:00,197
6827,2019-05-20 00:00:00+00:00,161
6827,2019-05-27 00:00:00+00:00,143
6827,2019-06-03 00:00:00+00:00,201
6827,2019-06-10 00:00:00+00:00,172
6827,2019-06-17 00:00:00+00:00,188
6827,2019-06-24 00:00:00+00:00,174
6827,2019-07-01 00:00:00+00:00,193
6827,2019-07-08 00:00:00+00:00,160
6827,2019-07-15 00:00:00+00:00,172
6827,2019-07-22 00:00:00+00:00,156
6827,2019-07-29 00:00:00+00:00,127
6827,2019-08-05 00:00:00+00:00,100
6827,2019-08-26 00:00:00+00:00,162
6827,2019-09-02 00:00:00+00:00,169
6827,2019-09-09 00:00:00+00:00,140
6827,2019-09-16 00:00:00+00:00,157
6827,2019-09-23 00:00:00+00:00,183
6827,2019-09-30 00:00:00+00:00,151
6827,2019-10-07 00:00:00+00:00,140
6827,2019-10-14 00:00:00+00:00,146
6827,2019-10-21 00:00:00+00:00,162
6827,2019-10-28 00:00:00+00:00,130
6827,2019-11-04 00:00:00+00:00,146
6827,2019-11-11 00:00:00+00:00,96
6827,2019-11-18 00:00:00+00:00,163
6827,2019-11-25 00:00:00+00:00,144
6827,2019-12-02 00:00:00+00:00,100
6827,2019-12-09 00:00:00+00:00,110
6827,2019-12-16 00:00:00+00:00,98
6827,2019-12-23 00:00:00+00:00,47
6827,2019-12-30 00:00:00+00:00,85
6827,2020-01-06 00:00:00+00:00,120
6827,2020-01-13 00:00:00+00:00,139
6827,2020-01-20 00:00:00+00:00,148
6827,2020-01-27 00:00:00+00:00,159
6827,2020-02-03 00:00:00+00:00,173
6827,2020-02-10 00:00:00+00:00,154
6827,2020-02-17 00:00:00+00:00,151
6827,2020-02-24 00:00:00+00:00,169
6827,2020-03-02 00:00:00+00:00,157
6827,2020-03-09 00:00:00+00:00,115
6827,2020-05-18 00:00:00+00:00,31
6827,2020-05-25 00:00:00+00:00,41
6827,2020-06-01 00:00:00+00:00,82
6827,2020-06-08 00:00:00+00:00,128
6827,2020-06-15 00:00:00+00:00,131
6827,2020-06-22 00:00:00+00:00,163
6827,2020-06-29 00:00:00+00:00,172
6827,2020-07-06 00:00:00+00:00,152
6827,2020-07-13 00:00:00+00:00,145
6827,2020-07-20 00:00:00+00:00,183
6827,2020-07-27 00:00:00+00:00,156
6827,2020-08-03 00:00:00+00:00,175
6827,2020-08-10 00:00:00+00:00,146
6827,2020-08-31 00:00:00+00:00,146
6827,2020-09-07 00:00:00+00:00,153
6827,2020-09-14 00:00:00+00:00,196
6827,2020-09-21 00:00:00+00:00,151
6827,2020-09-28 00:00:00+00:00,175
6827,2020-10-05 00:00:00+00:00,143
6827,2020-10-12 00:00:00+00:00,142
6827,2020-10-19 00:00:00+00:00,118
6827,2020-10-26 00:00:00+00:00,90
6830,2018-05-07 00:00:00+00:00,48
6830,2018-05-14 00:00:00+00:00,85
6830,2018-05-21 00:00:00+00:00,101
6830,2018-05-28 00:00:00+00:00,98
6830,2018-06-04 00:00:00+00:00,70
6830,2018-06-11 00:00:00+00:00,77
6830,2018-06-18 00:00:00+00:00,78
6830,2018-06-25 00:00:00+00:00,63
6830,2018-07-02 00:00:00+00:00,54
6830,2018-07-09 00:00:00+00:00,24
6830,2018-07-16 00:00:00+00:00,55
6830,2018-07-23 00:00:00+00:00,46
6830,2018-07-30 00:00:00+00:00,31
6830,2018-08-06 00:00:00+00:00,65
6830,2018-08-13 00:00:00+00:00,82
6830,2018-09-03 00:00:00+00:00,85
6830,2018-09-10 00:00:00+00:00,101
6830,2018-09-17 00:00:00+00:00,93
6830,2018-09-24 00:00:00+00:00,98
6830,2018-10-01 00:00:00+00:00,102
6830,2018-10-08 00:00:00+00:00,94
6830,2018-10-15 00:00:00+00:00,94
6830,2018-10-22 00:00:00+00:00,92
6830,2018-10-29 00:00:00+00:00,90
6830,2018-11-05 00:00:00+00:00,97
6830,2018-11-12 00:00:00+00:00,98
6830,2018-11-19 00:00:00+00:00,70
6830,2018-11-26 00:00:00+00:00,79
6830,2018-12-03 00:00:00+00:00,81
6830,2018-12-10 00:00:00+00:00,76
6830,2018-12-17 00:00:00+00:00,88
6830,2018-12-24 00:00:00+00:00,64
6830,2018-12-31 00:00:00+00:00,38
6830,2019-01-07 00:00:00+00:00,68
6830,2019-01-14 00:00:00+00:00,68
6830,2019-01-21 00:00:00+00:00,62
6830,2019-01-28 00:00:00+00:00,72
6830,2019-02-04 00:00:00+00:00,78
6830,2019-02-11 00:00:00+00:00,78
6830,2019-02-18 00:00:00+00:00,68
6830,2019-02-25 00:00:00+00:00,57
6830,2019-03-04 00:00:00+00:00,80
6830,2019-03-11 00:00:00+00:00,85
6830,2019-03-18 00:00:00+00:00,88
6830,2019-03-25 00:00:00+00:00,79
6830,2019-04-01 00:00:00+00:00,81
6830,2019-04-08 00:00:00+00:00,81
6830,2019-04-15 00:00:00+00:00,70
6830,2019-04-22 00:00:00+00:00,66
6830,2019-04-29 00:00:00+00:00,61
6830,2019-05-06 00:00:00+00:00,74
6830,2019-05-13 00:00:00+00:00,95
6830,2019-05-20 00:00:00+00:00,90
6830,2019-05-27 00:00:00+00:00,84
6830,2019-06-03 00:00:00+00:00,97
6830,2019-06-10 00:00:00+00:00,69
6830,2019-06-17 00:00:00+00:00,72
6830,2019-06-24 00:00:00+00:00,57
6830,2019-07-01 00:00:00+00:00,73
6830,2019-08-05 00:00:00+00:00,59
6830,2019-08-12 00:00:00+00:00,65
6830,2019-08-19 00:00:00+00:00,54
6830,2019-08-26 00:00:00+00:00,72
6830,2019-09-02 00:00:00+00:00,72
6830,2019-09-09 00:00:00+00:00,81
6830,2019-09-16 00:00:00+00:00,73
6830,2019-09-23 00:00:00+00:00,80
6830,2019-09-30 00:00:00+00:00,86
6830,2019-10-07 00:00:00+00:00,87
6830,2019-10-14 00:00:00+00:00,80
6830,2019-10-21 00:00:00+00:00,72
6830,2019-10-28 00:00:00+00:00,78
6830,2019-11-04 00:00:00+00:00,70
6830,2019-11-11 00:00:00+00:00,76
6830,2019-11-18 00:00:00+00:00,74
6830,2019-11-25 00:00:00+00:00,74
6830,2019-12-02 00:00:00+00:00,74
6830,2019-12-09 00:00:00+00:00,71
6830,2019-12-16 00:00:00+00:00,50
6830,2019-12-23 00:00:00+00:00,42
6830,2019-12-30 00:00:00+00:00,50
6830,2020-01-06 00:00:00+00:00,68
6830,2020-01-13 00:00:00+00:00,73
6830,2020-01-20 00:00:00+00:00,67
6830,2020-01-27 00:00:00+00:00,70
6830,2020-02-03 00:00:00+00:00,57
6830,2020-02-10 00:00:00+00:00,77
6830,2020-02-17 00:00:00+00:00,76
6830,2020-02-24 00:00:00+00:00,83
6830,2020-03-02 00:00:00+00:00,92
6830,2020-03-09 00:00:00+00:00,57
6830,2020-06-15 00:00:00+00:00,10
6830,2020-06-22 00:00:00+00:00,12
6830,2020-06-29 00:00:00+00:00,4
6830,2020-07-06 00:00:00+00:00,16
6830,2020-07-13 00:00:00+00:00,48
6830,2020-07-20 00:00:00+00:00,59
6830,2020-07-27 00:00:00+00:00,51
6830,2020-08-03 00:00:00+00:00,29
6830,2020-08-10 00:00:00+00:00,16
6830,2020-08-17 00:00:00+00:00,42
6830,2020-08-24 00:00:00+00:00,65
6830,2020-08-31 00:00:00+00:00,69
6830,2020-09-07 00:00:00+00:00,72
6830,2020-09-14 00:00:00+00:00,74
6830,2020-09-21 00:00:00+00:00,75
6830,2020-09-28 00:00:00+00:00,72
6830,2020-10-05 00:00:00+00:00,78
6830,2020-10-12 00:00:00+00:00,65
6830,2020-10-19 00:00:00+00:00,52
6830,2020-10-26 00:00:00+00:00,24
6830,2020-11-02 00:00:00+00:00,14
6830,2020-11-09 00:00:00+00:00,10
6830,2020-11-16 00:00:00+00:00,9
7304,2018-08-20 00:00:00+00:00,25
7304,2018-08-27 00:00:00+00:00,69
7304,2018-09-03 00:00:00+00:00,75
7304,2018-09-10 00:00:00+00:00,70
7304,2018-09-17 00:00:00+00:00,74
7304,2018-09-24 00:00:00+00:00,71
7304,2018-10-01 00:00:00+00:00,79
7304,2018-10-08 00:00:00+00:00,64
7304,2018-10-15 00:00:00+00:00,75
7304,2018-10-22 00:00:00+00:00,71
7304,2018-10-29 00:00:00+00:00,36
7304,2018-11-12 00:00:00+00:00,81
7304,2018-11-19 00:00:00+00:00,77
7304,2018-11-26 00:00:00+00:00,63
7304,2018-12-03 00:00:00+00:00,63
7304,2018-12-10 00:00:00+00:00,68
7304,2018-12-17 00:00:00+00:00,68
7304,2018-12-24 00:00:00+00:00,23
7304,2018-12-31 00:00:00+00:00,31
7304,2019-01-07 00:00:00+00:00,69
7304,2019-01-14 00:00:00+00:00,84
7304,2019-01-21 00:00:00+00:00,57
7304,2019-01-28 00:00:00+00:00,59
7304,2019-02-04 00:00:00+00:00,57
7304,2019-02-18 00:00:00+00:00,57
7304,2019-02-25 00:00:00+00:00,58
7304,2019-03-04 00:00:00+00:00,47
7304,2019-03-11 00:00:00+00:00,56
7304,2019-03-18 00:00:00+00:00,59
7304,2019-03-25 00:00:00+00:00,59
7304,2019-04-01 00:00:00+00:00,58
7304,2019-04-08 00:00:00+00:00,56
7304,2019-04-15 00:00:00+00:00,50
7304,2019-04-22 00:00:00+00:00,35
7304,2019-04-29 00:00:00+00:00,38
7304,2019-05-06 00:00:00+00:00,51
7304,2019-05-13 00:00:00+00:00,56
7304,2019-05-20 00:00:00+00:00,53
7304,2019-05-27 00:00:00+00:00,33
7304,2019-06-03 00:00:00+00:00,61
7304,2019-06-10 00:00:00+00:00,43
7304,2019-06-17 00:00:00+00:00,56
7304,2019-06-24 00:00:00+00:00,55
7304,2019-07-01 00:00:00+00:00,47
7304,2019-07-08 00:00:00+00:00,37
7304,2019-07-15 00:00:00+00:00,47
7304,2019-07-22 00:00:00+00:00,10
7304,2019-08-19 00:00:00+00:00,17
7304,2019-08-26 00:00:00+00:00,34
7304,2019-09-02 00:00:00+00:00,55
7304,2019-09-09 00:00:00+00:00,52
7304,2019-09-16 00:00:00+00:00,57
7304,2019-09-23 00:00:00+00:00,50
7304,2019-09-30 00:00:00+00:00,55
7304,2019-10-07 00:00:00+00:00,63
7304,2019-10-14 00:00:00+00:00,64
7304,2019-10-21 00:00:00+00:00,52
7304,2019-10-28 00:00:00+00:00,36
7304,2019-11-11 00:00:00+00:00,47
7304,2019-11-18 00:00:00+00:00,68
7304,2019-11-25 00:00:00+00:00,66
7304,2019-12-02 00:00:00+00:00,57
7304,2019-12-09 00:00:00+00:00,53
7304,2019-12-16 00:00:00+00:00,50
7304,2019-12-23 00:00:00+00:00,19
7304,2019-12-30 00:00:00+00:00,9
7304,2020-01-06 00:00:00+00:00,50
7304,2020-01-13 00:00:00+00:00,60
7304,2020-01-20 00:00:00+00:00,37
7304,2020-01-27 00:00:00+00:00,52
7304,2020-02-03 00:00:00+00:00,55
7304,2020-02-10 00:00:00+00:00,47
7304,2020-02-17 00:00:00+00:00,41
7304,2020-02-24 00:00:00+00:00,49
7304,2020-03-02 00:00:00+00:00,65
7304,2020-03-09 00:00:00+00:00,49
7304,2020-05-04 00:00:00+00:00,15
7304,2020-05-11 00:00:00+00:00,29
7304,2020-05-18 00:00:00+00:00,38
7304,2020-05-25 00:00:00+00:00,47
7304,2020-06-01 00:00:00+00:00,37
7304,2020-06-08 00:00:00+00:00,52
7304,2020-06-15 00:00:00+00:00,56
7304,2020-06-22 00:00:00+00:00,69
7304,2020-06-29 00:00:00+00:00,40
7304,2020-07-06 00:00:00+00:00,52
7304,2020-07-13 00:00:00+00:00,32
7304,2020-07-20 00:00:00+00:00,46
7304,2020-07-27 00:00:00+00:00,41
7304,2020-08-24 00:00:00+00:00,39
7304,2020-08-31 00:00:00+00:00,51
7304,2020-09-07 00:00:00+00:00,54
7304,2020-09-14 00:00:00+00:00,59
7304,2020-09-21 00:00:00+00:00,55
7304,2020-09-28 00:00:00+00:00,47
7304,2020-10-05 00:00:00+00:00,50
7304,2020-10-12 00:00:00+00:00,42
7304,2020-10-19 00:00:00+00:00,34
7786,2018-09-24 00:00:00+00:00,25
7786,2018-10-01 00:00:00+00:00,37
7786,2018-10-08 00:00:00+00:00,28
7786,2018-10-15 00:00:00+00:00,47
7786,2018-10-22 00:00:00+00:00,46
7786,2018-10-29 00:00:00+00:00,59
7786,2018-11-05 00:00:00+00:00,44
7786,2018-11-12 00:00:00+00:00,69
7786,2018-11-19 00:00:00+00:00,65
7786,2018-11-26 00:00:00+00:00,52
7786,2018-12-03 00:00:00+00:00,72
7786,2018-12-10 00:00:00+00:00,125
7786,2018-12-17 00:00:00+00:00,220
7786,2018-12-24 00:00:00+00:00,73
7786,2018-12-31 00:00:00+00:00,85
7786,2019-01-07 00:00:00+00:00,93
7786,2019-01-14 00:00:00+00:00,88
7786,2019-01-21 00:00:00+00:00,85
7786,2019-01-28 00:00:00+00:00,70
7786,2019-02-04 00:00:00+00:00,73
7786,2019-02-11 00:00:00+00:00,109
7786,2019-02-18 00:00:00+00:00,101
7786,2019-02-25 00:00:00+00:00,73
7786,2019-03-04 00:00:00+00:00,87
7786,2019-03-11 00:00:00+00:00,74
7786,2019-03-18 00:00:00+00:00,99
7786,2019-03-25 00:00:00+00:00,73
7786,2019-04-01 00:00:00+00:00,71
7786,2019-04-08 00:00:00+00:00,81
7786,2019-04-15 00:00:00+00:00,70
7786,2019-04-22 00:00:00+00:00,49
7786,2019-04-29 00:00:00+00:00,71
7786,2019-05-06 00:00:00+00:00,63
7786,2019-05-13 00:00:00+00:00,66
7786,2019-05-20 00:00:00+00:00,87
7786,2019-05-27 00:00:00+00:00,82
7786,2019-06-03 00:00:00+00:00,78
7786,2019-06-10 00:00:00+00:00,80
7786,2019-06-17 00:00:00+00:00,63
7786,2019-06-24 00:00:00+00:00,46
7786,2019-07-01 00:00:00+00:00,67
7786,2019-07-08 00:00:00+00:00,38
7786,2019-07-15 00:00:00+00:00,61
7786,2019-07-22 00:00:00+00:00,55
7786,2019-07-29 00:00:00+00:00,61
7786,2019-08-05 00:00:00+00:00,66
7786,2019-08-12 00:00:00+00:00,49
7786,2019-08-19 00:00:00+00:00,70
7786,2019-08-26 00:00:00+00:00,79
7786,2019-09-02 00:00:00+00:00,88
7786,2019-09-09 00:00:00+00:00,98
7786,2019-09-16 00:00:00+00:00,67
7786,2019-09-23 00:00:00+00:00,81
7786,2019-09-30 00:00:00+00:00,99
7786,2019-10-07 00:00:00+00:00,91
7786,2019-10-14 00:00:00+00:00,73
7786,2019-10-21 00:00:00+00:00,85
7786,2019-10-28 00:00:00+00:00,60
7786,2019-11-04 00:00:00+00:00,96
7786,2019-11-11 00:00:00+00:00,87
7786,2019-11-18 00:00:00+00:00,86
7786,2019-11-25 00:00:00+00:00,98
7786,2019-12-02 00:00:00+00:00,109
7786,2019-12-09 00:00:00+00:00,151
7786,2019-12-16 00:00:00+00:00,202
7786,2019-12-23 00:00:00+00:00,102
7786,2019-12-30 00:00:00+00:00,84
7786,2020-01-06 00:00:00+00:00,113
7786,2020-01-13 00:00:00+00:00,113
7786,2020-01-20 00:00:00+00:00,91
7786,2020-01-27 00:00:00+00:00,98
7786,2020-02-03 00:00:00+00:00,102
7786,2020-02-10 00:00:00+00:00,96
7786,2020-02-17 00:00:00+00:00,104
7786,2020-02-24 00:00:00+00:00,96
7786,2020-03-02 00:00:00+00:00,99
7786,2020-03-09 00:00:00+00:00,97
7786,2020-03-16 00:00:00+00:00,12
7786,2020-04-13 00:00:00+00:00,1
7786,2020-04-20 00:00:00+00:00,5
7786,2020-04-27 00:00:00+00:00,4
7786,2020-05-04 00:00:00+00:00,17
7786,2020-05-11 00:00:00+00:00,3
7872,2018-10-01 00:00:00+00:00,1
7872,2018-10-15 00:00:00+00:00,25
7872,2018-10-22 00:00:00+00:00,51
7872,2018-10-29 00:00:00+00:00,27
7872,2018-11-05 00:00:00+00:00,32
7872,2018-11-12 00:00:00+00:00,30
7872,2018-11-19 00:00:00+00:00,21
7872,2018-11-26 00:00:00+00:00,39
7872,2018-12-03 00:00:00+00:00,31
7872,2018-12-10 00:00:00+00:00,26
7872,2018-12-17 00:00:00+00:00,47
7872,2018-12-24 00:00:00+00:00,36
7872,2018-12-31 00:00:00+00:00,24
7872,2019-01-07 00:00:00+00:00,33
7872,2019-01-14 00:00:00+00:00,39
7872,2019-01-21 00:00:00+00:00,47
7872,2019-01-28 00:00:00+00:00,45
7872,2019-02-04 00:00:00+00:00,32
7872,2019-02-11 00:00:00+00:00,42
7872,2019-02-18 00:00:00+00:00,37
7872,2019-02-25 00:00:00+00:00,45
7872,2019-03-04 00:00:00+00:00,49
7872,2019-03-11 00:00:00+00:00,43
7872,2019-03-18 00:00:00+00:00,47
7872,2019-03-25 00:00:00+00:00,26
7872,2019-04-01 00:00:00+00:00,36
7872,2019-04-08 00:00:00+00:00,33
7872,2019-04-15 00:00:00+00:00,42
7872,2019-04-22 00:00:00+00:00,27
7872,2019-04-29 00:00:00+00:00,27
7872,2019-05-06 00:00:00+00:00,27
7872,2019-05-13 00:00:00+00:00,44
7872,2019-05-20 00:00:00+00:00,33
7872,2019-05-27 00:00:00+00:00,48
7872,2019-06-03 00:00:00+00:00,60
7872,2019-06-10 00:00:00+00:00,68
7872,2019-06-17 00:00:00+00:00,73
7872,2019-06-24 00:00:00+00:00,61
7872,2019-07-01 00:00:00+00:00,70
7872,2019-07-08 00:00:00+00:00,59
7872,2019-07-15 00:00:00+00:00,63
7872,2019-07-22 00:00:00+00:00,53
7872,2019-07-29 00:00:00+00:00,60
7872,2019-08-05 00:00:00+00:00,52
7872,2019-08-12 00:00:00+00:00,57
7872,2019-08-19 00:00:00+00:00,41
7872,2019-08-26 00:00:00+00:00,66
7872,2019-09-02 00:00:00+00:00,76
7872,2019-09-09 00:00:00+00:00,60
7872,2019-09-16 00:00:00+00:00,90
7872,2019-09-23 00:00:00+00:00,75
7872,2019-09-30 00:00:00+00:00,78
7872,2019-10-07 00:00:00+00:00,94
7872,2019-10-14 00:00:00+00:00,89
7872,2019-10-21 00:00:00+00:00,80
7872,2019-10-28 00:00:00+00:00,91
7872,2019-11-04 00:00:00+00:00,58
7872,2019-11-11 00:00:00+00:00,80
7872,2019-11-18 00:00:00+00:00,83
7872,2019-11-25 00:00:00+00:00,82
7872,2019-12-02 00:00:00+00:00,56
7872,2019-12-09 00:00:00+00:00,79
7872,2019-12-16 00:00:00+00:00,68
7872,2019-12-23 00:00:00+00:00,79
7872,2019-12-30 00:00:00+00:00,52
7872,2020-01-06 00:00:00+00:00,82
7872,2020-01-13 00:00:00+00:00,77
7872,2020-01-20 00:00:00+00:00,81
7872,2020-01-27 00:00:00+00:00,59
7872,2020-02-03 00:00:00+00:00,70
7872,2020-02-10 00:00:00+00:00,68
7872,2020-02-17 00:00:00+00:00,55
7872,2020-02-24 00:00:00+00:00,51
7872,2020-03-02 00:00:00+00:00,54
7872,2020-03-09 00:00:00+00:00,29
7872,2020-06-01 00:00:00+00:00,2
7872,2020-06-08 00:00:00+00:00,71
7872,2020-06-15 00:00:00+00:00,93
7872,2020-06-22 00:00:00+00:00,92
7872,2020-06-29 00:00:00+00:00,103
7872,2020-07-06 00:00:00+00:00,74
7872,2020-07-13 00:00:00+00:00,87
7872,2020-07-20 00:00:00+00:00,93
7872,2020-07-27 00:00:00+00:00,73
7872,2020-08-03 00:00:00+00:00,83
7872,2020-08-10 00:00:00+00:00,74
7872,2020-08-17 00:00:00+00:00,60
7872,2020-08-24 00:00:00+00:00,58
7872,2020-08-31 00:00:00+00:00,86
7872,2020-09-07 00:00:00+00:00,91
7872,2020-09-14 00:00:00+00:00,102
7872,2020-09-21 00:00:00+00:00,85
7872,2020-09-28 00:00:00+00:00,58
7872,2020-10-05 00:00:00+00:00,10
8291,2018-11-12 00:00:00+00:00,257
8291,2018-11-19 00:00:00+00:00,227
8291,2018-11-26 00:00:00+00:00,240
8291,2018-12-03 00:00:00+00:00,294
8291,2018-12-10 00:00:00+00:00,302
8291,2018-12-17 00:00:00+00:00,331
8291,2018-12-31 00:00:00+00:00,170
8291,2019-01-07 00:00:00+00:00,403
8291,2019-01-14 00:00:00+00:00,397
8291,2019-01-21 00:00:00+00:00,458
8291,2019-01-28 00:00:00+00:00,449
8291,2019-02-04 00:00:00+00:00,492
8291,2019-02-11 00:00:00+00:00,506
8291,2019-02-18 00:00:00+00:00,558
8291,2019-02-25 00:00:00+00:00,508
8291,2019-03-04 00:00:00+00:00,483
8291,2019-03-11 00:00:00+00:00,542
8291,2019-03-18 00:00:00+00:00,641
8291,2019-03-25 00:00:00+00:00,639
8291,2019-04-01 00:00:00+00:00,646
8291,2019-04-08 00:00:00+00:00,636
8291,2019-04-15 00:00:00+00:00,674
8291,2019-04-22 00:00:00+00:00,506
8291,2019-04-29 00:00:00+00:00,482
8291,2019-05-06 00:00:00+00:00,477
8291,2019-05-13 00:00:00+00:00,670
8291,2019-05-20 00:00:00+00:00,654
8291,2019-05-27 00:00:00+00:00,524
8291,2019-06-03 00:00:00+00:00,701
8291,2019-06-10 00:00:00+00:00,624
8291,2019-06-17 00:00:00+00:00,709
8291,2019-06-24 00:00:00+00:00,646
8291,2019-07-01 00:00:00+00:00,700
8291,2019-07-08 00:00:00+00:00,752
8291,2019-07-15 00:00:00+00:00,733
8291,2019-07-22 00:00:00+00:00,687
8291,2019-07-29 00:00:00+00:00,675
8291,2019-08-05 00:00:00+00:00,523
8291,2019-08-26 00:00:00+00:00,710
8291,2019-09-02 00:00:00+00:00,790
8291,2019-09-09 00:00:00+00:00,653
8291,2019-09-16 00:00:00+00:00,833
8291,2019-09-23 00:00:00+00:00,801
8291,2019-09-30 00:00:00+00:00,831
8291,2019-10-07 00:00:00+00:00,850
8291,2019-10-14 00:00:00+00:00,870
8291,2019-10-21 00:00:00+00:00,800
8291,2019-10-28 00:00:00+00:00,641
8291,2019-11-04 00:00:00+00:00,858
8291,2019-11-11 00:00:00+00:00,694
8291,2019-11-18 00:00:00+00:00,863
8291,2019-11-25 00:00:00+00:00,914
8291,2019-12-02 00:00:00+00:00,859
8291,2019-12-09 00:00:00+00:00,891
8291,2019-12-16 00:00:00+00:00,862
8291,2020-01-06 00:00:00+00:00,899
8291,2020-01-13 00:00:00+00:00,944
8291,2020-01-20 00:00:00+00:00,924
8291,2020-01-27 00:00:00+00:00,905
8291,2020-02-03 00:00:00+00:00,924
8291,2020-02-10 00:00:00+00:00,890
8291,2020-02-17 00:00:00+00:00,919
8291,2020-02-24 00:00:00+00:00,969
8291,2020-03-02 00:00:00+00:00,1023
8291,2020-03-09 00:00:00+00:00,990
8291,2020-06-01 00:00:00+00:00,311
8291,2020-06-08 00:00:00+00:00,438
8291,2020-06-15 00:00:00+00:00,499
8291,2020-06-22 00:00:00+00:00,533
8291,2020-06-29 00:00:00+00:00,626
8291,2020-07-06 00:00:00+00:00,628
8291,2020-07-13 00:00:00+00:00,403
8291,2020-07-20 00:00:00+00:00,692
8291,2020-07-27 00:00:00+00:00,568
8291,2020-08-03 00:00:00+00:00,523
8291,2020-08-31 00:00:00+00:00,405
8291,2020-09-07 00:00:00+00:00,727
8291,2020-09-14 00:00:00+00:00,723
8291,2020-09-21 00:00:00+00:00,697
8291,2020-09-28 00:00:00+00:00,690
8291,2020-10-05 00:00:00+00:00,687
8291,2020-10-12 00:00:00+00:00,695
8291,2020-10-19 00:00:00+00:00,657
8291,2020-10-26 00:00:00+00:00,523
